Card_name;Frequency_of_cards;Main_deck_count;Sideboard_count;Main_deck_rate;Sideboard_rate;Points_rate;Mana_value;White;Blue;Black;Red;Green;Colorless;Creature;Land;Sorcery;Instant;Artifact;Planeswalker;Enchantment;Tribal
Hangarback Walker;12;11;1;0.91667;0.08333;0.5909090909090909;0.0;1;1;1;1;1;0;0;1;1;1;0;1;1;1
Thraben Inspector;15;12;3;0.8;0.2;0.5277777777777778;1.0;0;1;1;1;1;1;0;1;1;1;1;1;1;1
Stoneforge Mystic;11;7;4;0.63636;0.36364;0.6190476190476191;2.0;0;1;1;1;1;1;0;1;1;1;1;1;1;1
Wall of Omens;4;1;3;0.25;0.75;0.6666666666666666;2.0;0;1;1;1;1;1;0;1;1;1;1;1;1;1
Phantasmal Image;10;10;0;1.0;0.0;0.5833333333333334;2.0;1;0;1;1;1;1;0;1;1;1;1;1;1;1
Jace, Vryn's Prodigy;12;10;2;0.83333;0.16667;0.4666666666666667;2.0;1;0;1;1;1;1;0;1;1;1;1;1;1;1
Restoration Angel;11;7;4;0.63636;0.36364;0.5;4.0;0;1;1;1;1;1;0;1;1;1;1;1;1;1
Glen Elendra Archmage;12;12;0;1.0;0.0;0.5138888888888888;4.0;1;0;1;1;1;1;0;1;1;1;1;1;1;1
Golos, Tireless Pilgrim;8;7;1;0.875;0.125;0.5714285714285714;5.0;0;0;0;0;0;1;0;1;1;1;0;1;1;1
Cave of the Frost Dragon;13;12;1;0.92308;0.07692;0.5416666666666666;0.0;0;1;1;1;1;1;1;0;1;1;1;1;1;1
Karakas;8;7;1;0.875;0.125;0.5714285714285714;0.0;0;1;1;1;1;1;1;0;1;1;1;1;1;1
Shelldock Isle;10;10;0;1.0;0.0;0.55;0.0;1;0;1;1;1;1;1;0;1;1;1;1;1;1
Tundra;10;9;1;0.9;0.1;0.5370370370370371;0.0;0;0;1;1;1;1;1;0;1;1;1;1;1;1
Godless Shrine;13;8;5;0.61538;0.38462;0.4583333333333333;0.0;0;1;0;1;1;1;1;0;1;1;1;1;1;1
Darkslick Shores;5;5;0;1.0;0.0;0.6333333333333333;0.0;1;0;0;1;1;1;1;0;1;1;1;1;1;1
Volcanic Island;9;8;1;0.88889;0.11111;0.5208333333333334;0.0;1;0;1;0;1;1;1;0;1;1;1;1;1;1
Wandering Fumarole;4;1;3;0.25;0.75;0.6666666666666666;0.0;1;0;1;0;1;1;1;0;1;1;1;1;1;1
Spirebluff Canal;8;4;4;0.5;0.5;0.5416666666666666;0.0;1;0;1;0;1;1;1;0;1;1;1;1;1;1
Scalding Tarn;19;17;2;0.89474;0.10526;0.5098039215686274;0.0;1;0;1;0;1;1;1;0;1;1;1;1;1;1
Prismatic Vista;11;11;0;1.0;0.0;0.6212121212121212;0.0;1;1;1;1;1;0;1;0;1;1;1;1;1;1
Swords to Plowshares;13;13;0;1.0;0.0;0.5897435897435898;1.0;0;1;1;1;1;1;1;1;1;0;1;1;1;1
Mana Tithe;12;10;2;0.83333;0.16667;0.4666666666666667;1.0;0;1;1;1;1;1;1;1;1;0;1;1;1;1
Ponder;14;12;2;0.85714;0.14286;0.5694444444444444;1.0;1;0;1;1;1;1;1;1;0;1;1;1;1;1
Counterspell;12;11;1;0.91667;0.08333;0.5454545454545454;2.0;1;0;1;1;1;1;1;1;1;0;1;1;1;1
Lightning Strike;11;11;0;1.0;0.0;0.6515151515151515;2.0;1;1;1;0;1;1;1;1;1;0;1;1;1;1
Narset, Parter of Veils;15;11;4;0.73333;0.26667;0.4545454545454545;3.0;1;0;1;1;1;1;1;1;1;1;1;0;1;1
Teferi, Time Raveler;13;9;4;0.69231;0.30769;0.5370370370370371;3.0;0;0;1;1;1;1;1;1;1;1;1;0;1;1
Ashiok, Nightmare Weaver;9;5;4;0.55556;0.44444;0.5;3.0;1;0;0;1;1;1;1;1;1;1;1;0;1;1
Kolaghan's Command;11;8;3;0.72727;0.27273;0.3958333333333333;3.0;1;1;0;0;1;1;1;1;1;0;1;1;1;1
Daretti, Ingenious Iconoclast;11;9;2;0.81818;0.18182;0.4629629629629629;3.0;1;1;0;0;1;1;1;1;1;1;1;0;1;1
Vindicate;11;7;4;0.63636;0.36364;0.5476190476190477;3.0;0;1;0;1;1;1;1;1;0;1;1;1;1;1
Wrath of God;14;4;10;0.28571;0.71429;0.4583333333333333;4.0;0;1;1;1;1;1;1;1;0;1;1;1;1;1
Coercive Portal;10;8;2;0.8;0.2;0.4583333333333333;4.0;1;1;1;1;1;0;1;1;1;1;0;1;1;1
Teferi, Hero of Dominaria;10;7;3;0.7;0.3;0.6666666666666666;5.0;0;0;1;1;1;1;1;1;1;1;1;0;1;1
Batterskull;8;5;3;0.625;0.375;0.6;5.0;1;1;1;1;1;0;1;1;1;1;0;1;1;1
Everflowing Chalice;11;3;8;0.27273;0.72727;0.5555555555555556;0.0;1;1;1;1;1;0;1;1;1;1;0;1;1;1
Balance;12;5;7;0.41667;0.58333;0.5;2.0;0;1;1;1;1;1;1;1;0;1;1;1;1;1
Recruiter of the Guard;10;8;2;0.8;0.2;0.5208333333333334;3.0;0;1;1;1;1;1;0;1;1;1;1;1;1;1
Toski, Bearer of Secrets;11;4;7;0.36364;0.63636;0.5;4.0;1;1;1;1;0;1;0;1;1;1;1;1;1;1
Fiery Confluence;9;7;2;0.77778;0.22222;0.6190476190476191;4.0;1;1;1;0;1;1;1;1;0;1;1;1;1;1
Braids, Cabal Minion;4;2;2;0.5;0.5;0.6666666666666666;4.0;1;1;0;1;1;1;0;1;1;1;1;1;1;1
Hero of Bladehold;11;6;5;0.54545;0.45455;0.5555555555555556;4.0;0;1;1;1;1;1;0;1;1;1;1;1;1;1
Gideon, Ally of Zendikar;11;9;2;0.81818;0.18182;0.3518518518518518;4.0;0;1;1;1;1;1;1;1;1;1;1;0;1;1
Inferno Titan;10;6;4;0.6;0.4;0.6111111111111112;6.0;1;1;1;0;1;1;0;1;1;1;1;1;1;1
Nicol Bolas, Planeswalker;4;1;3;0.25;0.75;0.6666666666666666;8.0;1;0;0;0;1;1;1;1;1;1;1;0;1;1
Marsh Flats;16;13;3;0.8125;0.1875;0.5384615384615384;0.0;0;1;0;1;1;1;1;0;1;1;1;1;1;1
Deathrite Shaman;9;7;2;0.77778;0.22222;0.5952380952380952;1.0;1;1;0;1;0;1;0;1;1;1;1;1;1;1
Vampire Hexmage;8;7;1;0.875;0.125;0.5476190476190477;2.0;1;1;0;1;1;1;0;1;1;1;1;1;1;1
Dauthi Voidwalker;10;7;3;0.7;0.3;0.5952380952380952;2.0;1;1;0;1;1;1;0;1;1;1;1;1;1;1
Elesh Norn, Grand Cenobite;11;8;3;0.72727;0.27273;0.4583333333333333;7.0;0;1;1;1;1;1;0;1;1;1;1;1;1;1
Ulamog, the Ceaseless Hunger;10;7;3;0.7;0.3;0.4285714285714285;10.0;1;1;1;1;1;0;0;1;1;1;1;1;1;1
Hengegate Pathway;7;6;1;0.85714;0.14286;0.4444444444444444;0.0;0;0;1;1;1;1;1;0;1;1;1;1;1;1
Branchloft Pathway;10;5;5;0.5;0.5;0.3;0.0;0;1;1;1;0;1;1;0;1;1;1;1;1;1
Botanical Sanctum;5;2;3;0.4;0.6;0.5;0.0;1;0;1;1;0;1;1;0;1;1;1;1;1;1
Bayou;10;8;2;0.8;0.2;0.5208333333333334;0.0;1;1;0;1;0;1;1;0;1;1;1;1;1;1
Thespian's Stage;12;5;7;0.41667;0.58333;0.5;0.0;1;1;1;1;1;0;1;0;1;1;1;1;1;1
Bloodstained Mire;17;17;0;1.0;0.0;0.392156862745098;0.0;1;1;0;0;1;1;1;0;1;1;1;1;1;1
Verdant Catacombs;19;18;1;0.94737;0.05263;0.5277777777777778;0.0;1;1;0;1;0;1;1;0;1;1;1;1;1;1
Dark Depths;11;7;4;0.63636;0.36364;0.5476190476190477;0.0;1;1;1;1;1;0;1;0;1;1;1;1;1;1
Portent;5;5;0;1.0;0.0;0.5;1.0;1;0;1;1;1;1;1;1;0;1;1;1;1;1
Fatal Push;11;10;1;0.90909;0.09091;0.55;1.0;1;1;0;1;1;1;1;1;1;0;1;1;1;1
Vampiric Tutor;11;8;3;0.72727;0.27273;0.5833333333333334;1.0;1;1;0;1;1;1;1;1;1;0;1;1;1;1
Jack-o'-Lantern;7;3;4;0.42857;0.57143;0.6111111111111112;1.0;1;1;1;1;1;0;1;1;1;1;0;1;1;1
Remand;14;8;6;0.57143;0.42857;0.625;2.0;1;0;1;1;1;1;1;1;1;0;1;1;1;1
Infernal Grasp;11;7;4;0.63636;0.36364;0.4285714285714285;2.0;1;1;0;1;1;1;1;1;1;0;1;1;1;1
Oath of Druids;5;2;3;0.4;0.6;0.4166666666666667;2.0;1;1;1;1;0;1;1;1;1;1;1;1;0;1
Vanishing Verse;12;7;5;0.58333;0.41667;0.4761904761904761;2.0;0;1;0;1;1;1;1;1;1;0;1;1;1;1
Prismatic Lens;7;6;1;0.85714;0.14286;0.5833333333333334;2.0;1;1;1;1;1;0;1;1;1;1;0;1;1;1
Mind Stone;12;9;3;0.75;0.25;0.7037037037037037;2.0;1;1;1;1;1;0;1;1;1;1;0;1;1;1
Grim Monolith;15;11;4;0.73333;0.26667;0.4393939393939394;2.0;1;1;1;1;1;0;1;1;1;1;0;1;1;1
Simic Signet;9;6;3;0.66667;0.33333;0.6111111111111112;2.0;1;0;1;1;0;1;1;1;1;1;0;1;1;1
Force of Negation;14;12;2;0.85714;0.14286;0.5277777777777778;3.0;1;0;1;1;1;1;1;1;1;0;1;1;1;1
Basalt Monolith;8;2;6;0.25;0.75;0.5;3.0;1;1;1;1;1;0;1;1;1;1;0;1;1;1
Day of Judgment;8;3;5;0.375;0.625;0.3888888888888889;4.0;0;1;1;1;1;1;1;1;0;1;1;1;1;1
Damnation;9;4;5;0.44444;0.55556;0.5;4.0;1;1;0;1;1;1;1;1;0;1;1;1;1;1
Mystic Confluence;11;11;0;1.0;0.0;0.6363636363636364;5.0;1;0;1;1;1;1;1;1;1;0;1;1;1;1
Tolarian Academy;10;4;6;0.4;0.6;0.5;0.0;1;0;1;1;1;1;1;0;1;1;1;1;1;1
Baleful Strix;8;5;3;0.625;0.375;0.6;2.0;1;0;0;1;1;1;0;1;1;1;0;1;1;1
Flickerwisp;11;7;4;0.63636;0.36364;0.5;3.0;0;1;1;1;1;1;0;1;1;1;1;1;1;1
Lingering Souls;13;11;2;0.84615;0.15385;0.4242424242424242;3.0;0;1;0;1;1;1;1;1;0;1;1;1;1;1
Thalia, Heretic Cathar;9;8;1;0.88889;0.11111;0.5;3.0;0;1;1;1;1;1;0;1;1;1;1;1;1;1
Adeline, Resplendent Cathar;11;7;4;0.63636;0.36364;0.4047619047619047;3.0;0;1;1;1;1;1;0;1;1;1;1;1;1;1
Maul of the Skyclaves;11;5;6;0.45455;0.54545;0.3333333333333333;3.0;0;1;1;1;1;1;1;1;1;1;0;1;1;1
Emry, Lurker of the Loch;12;6;6;0.5;0.5;0.5;3.0;1;0;1;1;1;1;0;1;1;1;1;1;1;1
Brazen Borrower;7;4;3;0.57143;0.42857;0.5833333333333334;3.0;1;0;1;1;1;1;0;1;1;1;1;1;1;1
Woe Strider;10;5;5;0.5;0.5;0.5666666666666667;3.0;1;1;0;1;1;1;0;1;1;1;1;1;1;1
Knight of Autumn;10;3;7;0.3;0.7;0.3888888888888889;3.0;0;1;1;1;0;1;0;1;1;1;1;1;1;1
Arbor Elf;11;9;2;0.81818;0.18182;0.3888888888888889;1.0;1;1;1;1;0;1;0;1;1;1;1;1;1;1
Avacyn's Pilgrim;12;8;4;0.66667;0.33333;0.4583333333333333;1.0;1;1;1;1;0;1;0;1;1;1;1;1;1;1
Ignoble Hierarch;14;14;0;1.0;0.0;0.6309523809523809;1.0;1;1;1;1;0;1;0;1;1;1;1;1;1;1
Intrepid Adversary;9;8;1;0.88889;0.11111;0.3958333333333333;2.0;0;1;1;1;1;1;0;1;1;1;1;1;1;1
Lotus Cobra;10;8;2;0.8;0.2;0.5;2.0;1;1;1;1;0;1;0;1;1;1;1;1;1;1
Sakura-Tribe Elder;10;7;3;0.7;0.3;0.3809523809523809;2.0;1;1;1;1;0;1;0;1;1;1;1;1;1;1
Phyrexian Revoker;10;6;4;0.6;0.4;0.5277777777777778;2.0;1;1;1;1;1;0;0;1;1;1;0;1;1;1
Ramunap Excavator;9;6;3;0.66667;0.33333;0.5277777777777778;3.0;1;1;1;1;0;1;0;1;1;1;1;1;1;1
Basri's Lieutenant;4;4;0;1.0;0.0;0.25;4.0;0;1;1;1;1;1;0;1;1;1;1;1;1;1
Omnath, Locus of Creation;11;4;7;0.36364;0.63636;0.4166666666666667;4.0;0;0;1;0;0;1;0;1;1;1;1;1;1;1
Dragonlord Atarka;9;6;3;0.66667;0.33333;0.3333333333333333;7.0;1;1;1;0;0;1;0;1;1;1;1;1;1;1
Myr Battlesphere;14;10;4;0.71429;0.28571;0.5;7.0;1;1;1;1;1;0;0;1;1;1;0;1;1;1
Blightsteel Colossus;10;7;3;0.7;0.3;0.4047619047619047;12.0;1;1;1;1;1;0;0;1;1;1;0;1;1;1
Barkchannel Pathway;10;9;1;0.9;0.1;0.4629629629629629;0.0;1;0;1;1;0;1;1;0;1;1;1;1;1;1
Riverglide Pathway;10;9;1;0.9;0.1;0.4444444444444444;0.0;1;0;1;0;1;1;1;0;1;1;1;1;1;1
Sacred Foundry;13;11;2;0.84615;0.15385;0.3333333333333333;0.0;0;1;1;0;1;1;1;0;1;1;1;1;1;1
Inspiring Vantage;9;6;3;0.66667;0.33333;0.25;0.0;0;1;1;0;1;1;1;0;1;1;1;1;1;1
Temple Garden;12;7;5;0.58333;0.41667;0.5;0.0;0;1;1;1;0;1;1;0;1;1;1;1;1;1
Razorverge Thicket;7;2;5;0.28571;0.71429;0.0;0.0;0;1;1;1;0;1;1;0;1;1;1;1;1;1
Arid Mesa;22;20;2;0.90909;0.09091;0.4666666666666667;0.0;0;1;1;0;1;1;1;0;1;1;1;1;1;1
Windswept Heath;19;18;1;0.94737;0.05263;0.5925925925925926;0.0;0;1;1;1;0;1;1;0;1;1;1;1;1;1
Oust;7;1;6;0.14286;0.85714;0.0;1.0;0;1;1;1;1;1;1;1;0;1;1;1;1;1
Abrade;12;11;1;0.91667;0.08333;0.4545454545454545;2.0;1;1;1;0;1;1;1;1;1;0;1;1;1;1
Once Upon a Time;12;12;0;1.0;0.0;0.4861111111111111;2.0;1;1;1;1;0;1;1;1;1;0;1;1;1;1
Eladamri's Call;10;6;4;0.6;0.4;0.2777777777777778;2.0;0;1;1;1;0;1;1;1;1;0;1;1;1;1
Orzhov Signet;7;5;2;0.71429;0.28571;0.4;2.0;0;1;0;1;1;1;1;1;1;1;0;1;1;1
Boros Signet;11;6;5;0.54545;0.45455;0.3611111111111111;2.0;0;1;1;0;1;1;1;1;1;1;0;1;1;1
Bala Ged Recovery;7;6;1;0.85714;0.14286;0.3055555555555556;3.0;1;1;1;1;0;1;1;1;0;1;1;1;1;1
Elspeth, Knight-Errant;7;6;1;0.85714;0.14286;0.2777777777777778;4.0;0;1;1;1;1;1;1;1;1;1;1;0;1;1
Garruk Wildspeaker;13;13;0;1.0;0.0;0.4358974358974359;4.0;1;1;1;1;0;1;1;1;1;1;1;0;1;1
Nahiri, the Harbinger;11;7;4;0.63636;0.36364;0.4047619047619047;4.0;0;1;1;0;1;1;1;1;1;1;1;0;1;1
Through the Breach;14;10;4;0.71429;0.28571;0.5;5.0;1;1;1;0;1;1;1;1;1;0;1;1;1;1
Elspeth, Sun's Champion;10;6;4;0.6;0.4;0.3888888888888889;6.0;0;1;1;1;1;1;1;1;1;1;1;0;1;1
Duress;11;5;6;0.45455;0.54545;0.3333333333333333;1.0;1;1;0;1;1;1;1;1;0;1;1;1;1;1
Kytheon, Hero of Akros;10;5;5;0.5;0.5;0.6666666666666666;1.0;0;1;1;1;1;1;0;1;1;1;1;1;1;1
Lurrus of the Dream-Den;11;7;4;0.63636;0.36364;0.5238095238095238;3.0;0;1;0;1;1;1;0;1;1;1;1;1;1;1
Soulherder;13;2;11;0.15385;0.84615;0.4166666666666667;3.0;0;0;1;1;1;1;0;1;1;1;1;1;1;1
Deceiver Exarch;9;5;4;0.55556;0.44444;0.4333333333333333;3.0;1;0;1;1;1;1;0;1;1;1;1;1;1;1
Tinker;11;7;4;0.63636;0.36364;0.5476190476190477;3.0;1;0;1;1;1;1;1;1;0;1;1;1;1;1
Natural Order;9;3;6;0.33333;0.66667;0.5;4.0;1;1;1;1;0;1;1;1;0;1;1;1;1;1
Grief;10;6;4;0.6;0.4;0.6111111111111112;4.0;1;1;0;1;1;1;0;1;1;1;1;1;1;1
Tithe Taker;4;4;0;1.0;0.0;0.5416666666666666;2.0;0;1;1;1;1;1;0;1;1;1;1;1;1;1
Wall of Roots;4;4;0;1.0;0.0;0.3333333333333333;2.0;1;1;1;1;0;1;0;1;1;1;1;1;1;1
Sylvan Caryatid;7;7;0;1.0;0.0;0.5714285714285714;2.0;1;1;1;1;0;1;0;1;1;1;1;1;1;1
Goblin Rabblemaster;12;8;4;0.66667;0.33333;0.5208333333333334;3.0;1;1;1;0;1;1;0;1;1;1;1;1;1;1
Dryad of the Ilysian Grove;11;9;2;0.81818;0.18182;0.4814814814814814;3.0;1;1;1;1;0;1;0;1;1;1;1;1;0;1
General Ferrous Rokiric;4;3;1;0.75;0.25;0.5555555555555556;3.0;0;1;1;0;1;1;0;1;1;1;1;1;1;1
Spell Queller;3;1;2;0.33333;0.66667;0.3333333333333333;3.0;0;0;1;1;1;1;0;1;1;1;1;1;1;1
Glorybringer;13;12;1;0.92308;0.07692;0.4444444444444444;5.0;1;1;1;0;1;1;0;1;1;1;1;1;1;1
Tovolar's Huntmaster;6;3;3;0.5;0.5;0.5555555555555556;6.0;1;1;1;1;0;1;0;1;1;1;1;1;1;1
Cragcrown Pathway;10;6;4;0.6;0.4;0.3333333333333333;0.0;1;1;1;0;0;1;1;0;1;1;1;1;1;1
Seachrome Coast;4;3;1;0.75;0.25;0.5555555555555556;0.0;0;0;1;1;1;1;1;0;1;1;1;1;1;1
Needle Spires;4;3;1;0.75;0.25;0.3888888888888889;0.0;0;1;1;0;1;1;1;0;1;1;1;1;1;1
Savannah;14;10;4;0.71429;0.28571;0.5333333333333333;0.0;0;1;1;1;0;1;1;0;1;1;1;1;1;1
Underground Sea;8;7;1;0.875;0.125;0.5476190476190477;0.0;1;0;0;1;1;1;1;0;1;1;1;1;1;1
Badlands;12;8;4;0.66667;0.33333;0.4791666666666667;0.0;1;1;0;0;1;1;1;0;1;1;1;1;1;1
Ketria Triome;6;6;0;1.0;0.0;0.4166666666666667;0.0;1;0;1;0;0;1;1;0;1;1;1;1;1;1
Raugrin Triome;11;11;0;1.0;0.0;0.4393939393939394;0.0;0;0;1;0;1;1;1;0;1;1;1;1;1;1
Prismatic Ending;8;4;4;0.5;0.5;0.5833333333333334;1.0;0;1;1;1;1;1;1;1;0;1;1;1;1;1
Crop Rotation;10;3;7;0.3;0.7;0.7777777777777778;1.0;1;1;1;1;0;1;1;1;1;0;1;1;1;1
Expedition Map;1;1;0;1.0;0.0;0.3333333333333333;1.0;1;1;1;1;1;0;1;1;1;1;0;1;1;1
Search for Azcanta;2;1;1;0.5;0.5;0.3333333333333333;2.0;1;0;1;1;1;1;1;1;1;1;1;1;0;1
Rip Apart;11;6;5;0.54545;0.45455;0.4166666666666667;2.0;0;1;1;0;1;1;1;1;0;1;1;1;1;1
Council's Judgment;13;11;2;0.84615;0.15385;0.4545454545454545;3.0;0;1;1;1;1;1;1;1;0;1;1;1;1;1
Valakut Awakening;4;3;1;0.75;0.25;0.4444444444444444;3.0;1;1;1;0;1;1;1;1;1;0;1;1;1;1
Treachery;8;6;2;0.75;0.25;0.5;5.0;1;0;1;1;1;1;1;1;1;1;1;1;0;1
Commit // Memory;7;7;0;1.0;0.0;0.5952380952380952;4.0;1;0;1;1;1;1;1;1;1;0;1;1;1;1
Tectonic Edge;4;1;3;0.25;0.75;0.8333333333333334;0.0;1;1;1;1;1;0;1;0;1;1;1;1;1;1
Rishadan Port;13;8;5;0.61538;0.38462;0.5625;0.0;1;1;1;1;1;0;1;0;1;1;1;1;1;1
Gaea's Cradle;9;6;3;0.66667;0.33333;0.6944444444444444;0.0;1;1;1;1;0;1;1;0;1;1;1;1;1;1
Student of Warfare;11;6;5;0.54545;0.45455;0.4722222222222222;1.0;0;1;1;1;1;1;0;1;1;1;1;1;1;1
Kitchen Finks;12;8;4;0.66667;0.33333;0.625;3.0;0;1;1;1;0;1;0;1;1;1;1;1;1;1
Karn Liberated;6;3;3;0.5;0.5;0.6666666666666666;7.0;1;1;1;1;1;0;1;1;1;1;1;0;1;1
Priest of Fell Rites;12;4;8;0.33333;0.66667;0.4583333333333333;2.0;0;1;0;1;1;1;0;1;1;1;1;1;1;1
Imperial Recruiter;10;7;3;0.7;0.3;0.5;3.0;1;1;1;0;1;1;0;1;1;1;1;1;1;1
Solemn Simulacrum;7;5;2;0.71429;0.28571;0.5;4.0;1;1;1;1;1;0;0;1;1;1;0;1;1;1
Terastodon;6;2;4;0.33333;0.66667;0.75;8.0;1;1;1;1;0;1;0;1;1;1;1;1;1;1
Woodfall Primus;7;5;2;0.71429;0.28571;0.4333333333333333;8.0;1;1;1;1;0;1;0;1;1;1;1;1;1;1
Scrubland;13;11;2;0.84615;0.15385;0.4848484848484848;0.0;0;1;0;1;1;1;1;0;1;1;1;1;1;1
Watery Grave;13;12;1;0.92308;0.07692;0.5138888888888888;0.0;1;0;0;1;1;1;1;0;1;1;1;1;1;1
Indatha Triome;12;8;4;0.66667;0.33333;0.5;0.0;0;1;0;1;0;1;1;0;1;1;1;1;1;1
Ash Barrens;13;7;6;0.53846;0.46154;0.5714285714285714;0.0;1;1;1;1;1;0;1;0;1;1;1;1;1;1
Fabled Passage;14;13;1;0.92857;0.07143;0.6025641025641025;0.0;1;1;1;1;1;0;1;0;1;1;1;1;1;1
Polluted Delta;16;15;1;0.9375;0.0625;0.4333333333333333;0.0;1;0;0;1;1;1;1;0;1;1;1;1;1;1
Serum Visions;11;8;3;0.72727;0.27273;0.625;1.0;1;0;1;1;1;1;1;1;0;1;1;1;1;1
Entomb;11;9;2;0.81818;0.18182;0.5740740740740741;1.0;1;1;0;1;1;1;1;1;1;0;1;1;1;1
Chart a Course;7;7;0;1.0;0.0;0.5;2.0;1;0;1;1;1;1;1;1;0;1;1;1;1;1
Unmarked Grave;13;10;3;0.76923;0.23077;0.5;2.0;1;1;0;1;1;1;1;1;0;1;1;1;1;1
Persist;9;6;3;0.66667;0.33333;0.5555555555555556;2.0;1;1;0;1;1;1;1;1;0;1;1;1;1;1
Exhume;11;9;2;0.81818;0.18182;0.5925925925925926;2.0;1;1;0;1;1;1;1;1;0;1;1;1;1;1
Rakdos Signet;6;4;2;0.66667;0.33333;0.25;2.0;1;1;0;0;1;1;1;1;1;1;0;1;1;1
Liquimetal Torque;12;4;8;0.33333;0.66667;0.6666666666666666;2.0;1;1;1;1;1;0;1;1;1;1;0;1;1;1
Thirst for Knowledge;12;7;5;0.58333;0.41667;0.4047619047619047;3.0;1;0;1;1;1;1;1;1;1;0;1;1;1;1
Necromancy;10;8;2;0.8;0.2;0.5;3.0;1;1;0;1;1;1;1;1;1;1;1;1;0;1
Prismari Command;11;7;4;0.63636;0.36364;0.4761904761904761;3.0;1;0;1;0;1;1;1;1;1;0;1;1;1;1
Dack Fayden;13;10;3;0.76923;0.23077;0.4833333333333333;3.0;1;0;1;0;1;1;1;1;1;1;1;0;1;1
Worn Powerstone;12;7;5;0.58333;0.41667;0.5;3.0;1;1;1;1;1;0;1;1;1;1;0;1;1;1
Sneak Attack;13;11;2;0.84615;0.15385;0.4696969696969697;4.0;1;1;1;0;1;1;1;1;1;1;1;1;0;1
Treasure Cruise;12;8;4;0.66667;0.33333;0.7291666666666666;8.0;1;0;1;1;1;1;1;1;0;1;1;1;1;1
Goblin Guide;7;3;4;0.42857;0.57143;0.6666666666666666;1.0;1;1;1;0;1;1;0;1;1;1;1;1;1;1
Ephemerate;9;4;5;0.44444;0.55556;0.4583333333333333;1.0;0;1;1;1;1;1;1;1;1;0;1;1;1;1
Earthshaker Khenra;11;7;4;0.63636;0.36364;0.5238095238095238;2.0;1;1;1;0;1;1;0;1;1;1;1;1;1;1
Priest of Forgotten Gods;4;1;3;0.25;0.75;0.6666666666666666;2.0;1;1;0;1;1;1;0;1;1;1;1;1;1;1
Memory Lapse;12;8;4;0.66667;0.33333;0.5625;2.0;1;0;1;1;1;1;1;1;1;0;1;1;1;1
Unexpectedly Absent;15;9;6;0.6;0.4;0.4074074074074074;2.0;0;1;1;1;1;1;1;1;1;0;1;1;1;1
Thalia's Lieutenant;7;3;4;0.42857;0.57143;0.4444444444444444;2.0;0;1;1;1;1;1;0;1;1;1;1;1;1;1
Thalia, Guardian of Thraben;10;7;3;0.7;0.3;0.5952380952380952;2.0;0;1;1;1;1;1;0;1;1;1;1;1;1;1
Metalworker;8;2;6;0.25;0.75;0.5;3.0;1;1;1;1;1;0;0;1;1;1;0;1;1;1
Embercleave;4;0;4;0.0;1.0;0.0;6.0;1;1;1;0;1;1;1;1;1;1;0;1;1;1
Bedlam Reveler;1;0;1;0.0;1.0;0.0;8.0;1;1;1;0;1;1;0;1;1;1;1;1;1;1
Snapcaster Mage;10;10;0;1.0;0.0;0.5;2.0;1;0;1;1;1;1;0;1;1;1;1;1;1;1
Thing in the Ice;9;6;3;0.66667;0.33333;0.6111111111111112;2.0;1;0;1;1;1;1;0;1;1;1;1;1;1;1
Seasoned Pyromancer;12;7;5;0.58333;0.41667;0.6428571428571429;3.0;1;1;1;0;1;1;0;1;1;1;1;1;1;1
Fury;13;11;2;0.84615;0.15385;0.5909090909090909;5.0;1;1;1;0;1;1;0;1;1;1;1;1;1;1
Archon of Cruelty;10;7;3;0.7;0.3;0.6428571428571429;8.0;1;1;0;1;1;1;0;1;1;1;1;1;1;1
Ashen Rider;2;1;1;0.5;0.5;1.0;8.0;0;1;0;1;1;1;0;1;1;1;1;1;1;1
Kozilek, Butcher of Truth;5;3;2;0.6;0.4;0.7777777777777778;10.0;1;1;1;1;1;0;0;1;1;1;1;1;1;1
Mox Diamond;11;9;2;0.81818;0.18182;0.6111111111111112;0.0;1;1;1;1;1;0;1;1;1;1;0;1;1;1
Blightstep Pathway;12;7;5;0.58333;0.41667;0.4285714285714285;0.0;1;1;0;0;1;1;1;0;1;1;1;1;1;1
Needleverge Pathway;11;6;5;0.54545;0.45455;0.5277777777777778;0.0;0;1;1;0;1;1;1;0;1;1;1;1;1;1
Savai Triome;9;7;2;0.77778;0.22222;0.6666666666666666;0.0;0;1;0;0;1;1;1;0;1;1;1;1;1;1
Gitaxian Probe;16;15;1;0.9375;0.0625;0.4333333333333333;1.0;1;0;1;1;1;1;1;1;0;1;1;1;1;1
Lightning Bolt;6;5;1;0.83333;0.16667;0.6333333333333333;1.0;1;1;1;0;1;1;1;1;1;0;1;1;1;1
Lose Focus;11;10;1;0.90909;0.09091;0.5666666666666667;2.0;1;0;1;1;1;1;1;1;1;0;1;1;1;1
Mana Leak;10;8;2;0.8;0.2;0.5833333333333334;2.0;1;0;1;1;1;1;1;1;1;0;1;1;1;1
Lightning Helix;11;8;3;0.72727;0.27273;0.5625;2.0;0;1;1;0;1;1;1;1;1;0;1;1;1;1
Izzet Charm;11;5;6;0.45455;0.54545;0.4666666666666667;2.0;1;0;1;0;1;1;1;1;1;0;1;1;1;1
Memory Deluge;10;8;2;0.8;0.2;0.6458333333333334;4.0;1;0;1;1;1;1;1;1;1;0;1;1;1;1
Golgari Rot Farm;4;1;3;0.25;0.75;0.1666666666666666;0.0;1;1;0;1;0;1;1;0;1;1;1;1;1;1
Simic Growth Chamber;3;2;1;0.66667;0.33333;0.5;0.0;1;0;1;1;0;1;1;0;1;1;1;1;1;1
Secluded Steppe;3;1;2;0.33333;0.66667;0.3333333333333333;0.0;0;1;1;1;1;1;1;0;1;1;1;1;1;1
Sea Gate Stormcaller;7;2;5;0.28571;0.71429;0.5833333333333334;2.0;1;0;1;1;1;1;0;1;1;1;1;1;1;1
Recurring Nightmare;13;10;3;0.76923;0.23077;0.6833333333333333;3.0;1;1;0;1;1;1;1;1;1;1;1;1;0;1
Brutal Cathar;6;3;3;0.5;0.5;0.2777777777777778;3.0;0;1;1;1;1;1;0;1;1;1;1;1;1;1
Fires of Invention;5;1;4;0.2;0.8;0.3333333333333333;4.0;1;1;1;0;1;1;1;1;1;1;1;1;0;1
Pia and Kiran Nalaar;12;8;4;0.66667;0.33333;0.4166666666666667;4.0;1;1;1;0;1;1;0;1;1;1;1;1;1;1
Solitude;10;9;1;0.9;0.1;0.5555555555555556;5.0;0;1;1;1;1;1;0;1;1;1;1;1;1;1
Timeless Dragon;4;2;2;0.5;0.5;0.25;5.0;0;1;1;1;1;1;0;1;1;1;1;1;1;1
Alrund's Epiphany;5;2;3;0.4;0.6;0.5833333333333334;7.0;1;0;1;1;1;1;1;1;0;1;1;1;1;1
Siege-Gang Commander;2;0;2;0.0;1.0;0.0;5.0;1;1;1;0;1;1;0;1;1;1;1;1;1;1
Urza, Lord High Artificer;7;7;0;1.0;0.0;0.4047619047619047;4.0;1;0;1;1;1;1;0;1;1;1;1;1;1;1
Wurmcoil Engine;11;10;1;0.90909;0.09091;0.5;6.0;1;1;1;1;1;0;0;1;1;1;0;1;1;1
Ulamog, the Infinite Gyre;11;4;7;0.36364;0.63636;0.3333333333333333;11.0;1;1;1;1;1;0;0;1;1;1;1;1;1;1
Urza's Bauble;8;5;3;0.625;0.375;0.6;0.0;1;1;1;1;1;0;1;1;1;1;0;1;1;1
Chrome Mox;10;9;1;0.9;0.1;0.4444444444444444;0.0;1;1;1;1;1;0;1;1;1;1;0;1;1;1
Fiery Islet;4;4;0;1.0;0.0;0.25;0.0;1;0;1;0;1;1;1;0;1;1;1;1;1;1
Strip Mine;11;11;0;1.0;0.0;0.6060606060606061;0.0;1;1;1;1;1;0;1;0;1;1;1;1;1;1
Urza's Saga;10;10;0;1.0;0.0;0.4833333333333333;0.0;1;1;1;1;1;0;1;0;1;1;1;1;0;1
Unholy Heat;8;7;1;0.875;0.125;0.3809523809523809;1.0;1;1;1;0;1;1;1;1;1;0;1;1;1;1
Chromatic Sphere;4;2;2;0.5;0.5;0.0;1.0;1;1;1;1;1;0;1;1;1;1;0;1;1;1
Selesnya Signet;7;3;4;0.42857;0.57143;0.5;2.0;0;1;1;1;0;1;1;1;1;1;0;1;1;1
Show and Tell;11;7;4;0.63636;0.36364;0.3571428571428571;3.0;1;0;1;1;1;1;1;1;0;1;1;1;1;1
Toxic Deluge;13;9;4;0.69231;0.30769;0.5370370370370371;3.0;1;1;0;1;1;1;1;1;0;1;1;1;1;1
Overgrown Tomb;12;9;3;0.75;0.25;0.4074074074074074;0.0;1;1;0;1;0;1;1;0;1;1;1;1;1;1
Lotus Petal;14;10;4;0.71429;0.28571;0.55;0.0;1;1;1;1;1;0;1;1;1;1;0;1;1;1
Malakir Rebirth;6;2;4;0.33333;0.66667;0.8333333333333334;1.0;1;1;0;1;1;1;1;1;1;0;1;1;1;1
Goblin Bombardment;10;4;6;0.4;0.6;0.5416666666666666;2.0;1;1;1;0;1;1;1;1;1;1;1;1;0;1
Selfless Spirit;12;9;3;0.75;0.25;0.4629629629629629;2.0;0;1;1;1;1;1;0;1;1;1;1;1;1;1
Daretti, Scrap Savant;12;3;9;0.25;0.75;0.7777777777777778;4.0;1;1;1;0;1;1;1;1;1;1;1;0;1;1
Yawgmoth, Thran Physician;12;8;4;0.66667;0.33333;0.5416666666666666;4.0;1;1;0;1;1;1;0;1;1;1;1;1;1;1
Armageddon;8;5;3;0.625;0.375;0.4333333333333333;4.0;0;1;1;1;1;1;1;1;0;1;1;1;1;1
Luminous Broodmoth;4;3;1;0.75;0.25;0.5;4.0;0;1;1;1;1;1;0;1;1;1;1;1;1;1
Noble Hierarch;13;9;4;0.69231;0.30769;0.5740740740740741;1.0;1;1;1;1;0;1;0;1;1;1;1;1;1;1
Birds of Paradise;12;12;0;1.0;0.0;0.4722222222222222;1.0;1;1;1;1;0;1;0;1;1;1;1;1;1;1
Hydroid Krasis;9;8;1;0.88889;0.11111;0.5416666666666666;2.0;1;0;1;1;0;1;0;1;1;1;1;1;1;1
Ornithopter of Paradise;4;4;0;1.0;0.0;0.4583333333333333;2.0;1;1;1;1;1;0;0;1;1;1;0;1;1;1
Bloodbraid Elf;9;6;3;0.66667;0.33333;0.6111111111111112;4.0;1;1;1;0;0;1;0;1;1;1;1;1;1;1
Steam Vents;11;11;0;1.0;0.0;0.5151515151515151;0.0;1;0;1;0;1;1;1;0;1;1;1;1;1;1
Tropical Island;14;12;2;0.85714;0.14286;0.7638888888888888;0.0;1;0;1;1;0;1;1;0;1;1;1;1;1;1
Taiga;8;6;2;0.75;0.25;0.5833333333333334;0.0;1;1;1;0;0;1;1;0;1;1;1;1;1;1
Stomping Ground;11;9;2;0.81818;0.18182;0.4074074074074074;0.0;1;1;1;0;0;1;1;0;1;1;1;1;1;1
Zagoth Triome;9;9;0;1.0;0.0;0.6666666666666666;0.0;1;0;0;1;0;1;1;0;1;1;1;1;1;1
Wooded Foothills;17;15;2;0.88235;0.11765;0.5111111111111111;0.0;1;1;1;0;0;1;1;0;1;1;1;1;1;1
Hard Evidence;12;5;7;0.41667;0.58333;0.5666666666666667;1.0;1;0;1;1;1;1;1;1;0;1;1;1;1;1
Flame Slash;11;10;1;0.90909;0.09091;0.6333333333333333;1.0;1;1;1;0;1;1;1;1;0;1;1;1;1;1
Green Sun's Zenith;11;7;4;0.63636;0.36364;0.5238095238095238;1.0;1;1;1;1;0;1;1;1;0;1;1;1;1;1
Abundant Harvest;11;9;2;0.81818;0.18182;0.4629629629629629;1.0;1;1;1;1;0;1;1;1;0;1;1;1;1;1
Expressive Iteration;8;7;1;0.875;0.125;0.5238095238095238;2.0;1;0;1;0;1;1;1;1;0;1;1;1;1;1
Growth Spiral;11;5;6;0.45455;0.54545;0.7;2.0;1;0;1;1;0;1;1;1;1;0;1;1;1;1
Wrenn and Six;9;6;3;0.66667;0.33333;0.5833333333333334;2.0;1;1;1;0;0;1;1;1;1;1;1;0;1;1
Maelstrom Pulse;11;5;6;0.45455;0.54545;0.5;3.0;1;1;0;1;0;1;1;1;0;1;1;1;1;1
Ugin, the Spirit Dragon;12;7;5;0.58333;0.41667;0.3571428571428571;8.0;1;1;1;1;1;0;1;1;1;1;1;0;1;1
Tranquil Thicket;7;3;4;0.42857;0.57143;0.4444444444444444;0.0;1;1;1;1;0;1;1;0;1;1;1;1;1;1
Bomat Courier;10;6;4;0.6;0.4;0.6111111111111112;1.0;1;1;1;0;1;1;0;1;1;1;0;1;1;1
Dragon's Rage Channeler;10;7;3;0.7;0.3;0.4761904761904761;1.0;1;1;1;0;1;1;0;1;1;1;1;1;1;1
Falkenrath Gorger;7;0;7;0.0;1.0;0.0;1.0;1;1;1;0;1;1;0;1;1;1;1;1;1;1
Goblin Engineer;9;1;8;0.11111;0.88889;0.6666666666666666;2.0;1;1;1;0;1;1;0;1;1;1;1;1;1;1
Flametongue Yearling;5;3;2;0.6;0.4;0.5;2.0;1;1;1;0;1;1;0;1;1;1;1;1;1;1
Memory Jar;7;2;5;0.28571;0.71429;0.3333333333333333;5.0;1;1;1;1;1;0;1;1;1;1;0;1;1;1
Fyndhorn Elves;13;11;2;0.84615;0.15385;0.5454545454545454;1.0;1;1;1;1;0;1;0;1;1;1;1;1;1;1
Devoted Druid;11;7;4;0.63636;0.36364;0.4285714285714285;2.0;1;1;1;1;0;1;0;1;1;1;1;1;1;1
Tarmogoyf;9;8;1;0.88889;0.11111;0.6041666666666666;2.0;1;1;1;1;0;1;0;1;1;1;1;1;1;1
Hullbreacher;10;7;3;0.7;0.3;0.4523809523809524;3.0;1;0;1;1;1;1;0;1;1;1;1;1;1;1
Bonecrusher Giant;11;8;3;0.72727;0.27273;0.6875;2.0;1;1;1;0;1;1;1;1;1;0;1;1;1;1
Eternal Witness;12;6;6;0.5;0.5;0.7222222222222222;3.0;1;1;1;1;0;1;0;1;1;1;1;1;1;1
Leovold, Emissary of Trest;12;5;7;0.41667;0.58333;0.5666666666666667;3.0;1;0;0;1;0;1;0;1;1;1;1;1;1;1
Blood Crypt;9;6;3;0.66667;0.33333;0.5555555555555556;0.0;1;1;0;0;1;1;1;0;1;1;1;1;1;1
Raging Ravine;13;10;3;0.76923;0.23077;0.5333333333333333;0.0;1;1;1;0;0;1;1;0;1;1;1;1;1;1
Field of the Dead;7;3;4;0.42857;0.57143;0.3888888888888889;0.0;1;1;1;1;1;0;1;0;1;1;1;1;1;1
Misty Rainforest;21;20;1;0.95238;0.04762;0.5166666666666667;0.0;1;0;1;1;0;1;1;0;1;1;1;1;1;1
Izzet Signet;7;4;3;0.57143;0.42857;0.5416666666666666;2.0;1;0;1;0;1;1;1;1;1;1;0;1;1;1
Timetwister;8;6;2;0.75;0.25;0.5555555555555556;3.0;1;0;1;1;1;1;1;1;0;1;1;1;1;1
Grist, the Hunger Tide;13;9;4;0.69231;0.30769;0.4814814814814814;3.0;1;1;0;1;0;1;1;1;1;1;1;0;1;1
Sword of Fire and Ice;9;7;2;0.77778;0.22222;0.6190476190476191;3.0;1;1;1;1;1;0;1;1;1;1;0;1;1;1
Chandra, Torch of Defiance;11;11;0;1.0;0.0;0.6515151515151515;4.0;1;1;1;0;1;1;1;1;1;1;1;0;1;1
Garruk Relentless;4;4;0;1.0;0.0;0.5416666666666666;4.0;1;1;1;1;0;1;1;1;1;1;1;0;1;1
Arlinn, the Pack's Hope;9;6;3;0.66667;0.33333;0.5277777777777778;4.0;1;1;1;0;0;1;1;1;1;1;1;0;1;1
Escape to the Wilds;8;3;5;0.375;0.625;0.5555555555555556;5.0;1;1;1;0;0;1;1;1;0;1;1;1;1;1
Shark Typhoon;13;10;3;0.76923;0.23077;0.6333333333333333;6.0;1;0;1;1;1;1;1;1;1;1;1;1;0;1
Turntimber Symbiosis;5;4;1;0.8;0.2;0.625;7.0;1;1;1;1;0;1;1;1;0;1;1;1;1;1
Forgotten Cave;6;3;3;0.5;0.5;0.8888888888888888;0.0;1;1;1;0;1;1;1;0;1;1;1;1;1;1
Pest Infestation;9;6;3;0.66667;0.33333;0.4722222222222222;1.0;1;1;1;1;0;1;1;1;0;1;1;1;1;1
Reckless Stormseeker;7;3;4;0.42857;0.57143;0.5;3.0;1;1;1;0;1;1;0;1;1;1;1;1;1;1
Legion Warboss;8;5;3;0.625;0.375;0.4666666666666667;3.0;1;1;1;0;1;1;0;1;1;1;1;1;1;1
Mulldrifter;1;0;1;0.0;1.0;0.0;5.0;1;0;1;1;1;1;0;1;1;1;1;1;1;1
Approach of the Second Sun;5;2;3;0.4;0.6;0.3333333333333333;7.0;0;1;1;1;1;1;1;1;0;1;1;1;1;1
Walking Ballista;8;7;1;0.875;0.125;0.4761904761904761;0.0;1;1;1;1;1;0;0;1;1;1;0;1;1;1
Elvish Mystic;11;10;1;0.90909;0.09091;0.5;1.0;1;1;1;1;0;1;0;1;1;1;1;1;1;1
Robber of the Rich;13;10;3;0.76923;0.23077;0.5;2.0;1;1;1;0;1;1;0;1;1;1;1;1;1;1
Voracious Hydra;10;6;4;0.6;0.4;0.5;2.0;1;1;1;1;0;1;0;1;1;1;1;1;1;1
Laelia, the Blade Reforged;9;9;0;1.0;0.0;0.6111111111111112;3.0;1;1;1;0;1;1;0;1;1;1;1;1;1;1
Tireless Tracker;13;10;3;0.76923;0.23077;0.3;3.0;1;1;1;1;0;1;0;1;1;1;1;1;1;1
Blooming Marsh;9;6;3;0.66667;0.33333;0.3611111111111111;0.0;1;1;0;1;0;1;1;0;1;1;1;1;1;1
Demonic Tutor;11;11;0;1.0;0.0;0.4090909090909091;2.0;1;1;0;1;1;1;1;1;0;1;1;1;1;1
Shatterskull Smashing;13;12;1;0.92308;0.07692;0.5833333333333334;2.0;1;1;1;0;1;1;1;0;1;1;1;1;1;1
Smuggler's Copter;13;11;2;0.84615;0.15385;0.5;2.0;1;1;1;1;1;0;1;1;1;1;0;1;1;1
Dismember;13;12;1;0.92308;0.07692;0.5416666666666666;3.0;1;1;0;1;1;1;1;1;1;0;1;1;1;1
Esika's Chariot;13;11;2;0.84615;0.15385;0.5454545454545454;4.0;1;1;1;1;0;1;1;1;1;1;0;1;1;1
Smoldering Egg;1;0;1;0.0;1.0;0.0;2.0;1;1;1;0;1;1;0;1;1;1;1;1;1;1
Augur of Autumn;11;9;2;0.81818;0.18182;0.3703703703703703;3.0;1;1;1;1;0;1;0;1;1;1;1;1;1;1
Karn, Scion of Urza;15;10;5;0.66667;0.33333;0.5166666666666667;4.0;1;1;1;1;1;0;1;1;1;1;1;0;1;1
Deep Forest Hermit;10;4;6;0.4;0.6;0.5;5.0;1;1;1;1;0;1;0;1;1;1;1;1;1;1
Nicol Bolas, God-Pharaoh;2;0;2;0.0;1.0;0.0;7.0;1;0;0;0;1;1;1;1;1;1;1;0;1;1
Emeria's Call;14;9;5;0.64286;0.35714;0.4814814814814814;7.0;0;1;1;1;1;1;1;1;0;1;1;1;1;1
Mother of Runes;11;8;3;0.72727;0.27273;0.4166666666666667;1.0;0;1;1;1;1;1;0;1;1;1;1;1;1;1
Scavenging Ooze;11;6;5;0.54545;0.45455;0.4166666666666667;2.0;1;1;1;1;0;1;0;1;1;1;1;1;1;1
Elite Spellbinder;12;9;3;0.75;0.25;0.4444444444444444;3.0;0;1;1;1;1;1;0;1;1;1;1;1;1;1
Skyclave Apparition;13;11;2;0.84615;0.15385;0.4696969696969697;3.0;0;1;1;1;1;1;0;1;1;1;1;1;1;1
Ophiomancer;10;10;0;1.0;0.0;0.45;3.0;1;1;0;1;1;1;0;1;1;1;1;1;1;1
Archangel Avacyn;3;2;1;0.66667;0.33333;0.3333333333333333;5.0;0;1;1;1;1;1;0;1;1;1;1;1;1;1
Grave Titan;10;7;3;0.7;0.3;0.3571428571428571;6.0;1;1;0;1;1;1;0;1;1;1;1;1;1;1
Mishra's Bauble;10;9;1;0.9;0.1;0.4629629629629629;0.0;1;1;1;1;1;0;1;1;1;1;0;1;1;1
Brightclimb Pathway;10;7;3;0.7;0.3;0.3809523809523809;0.0;0;1;0;1;1;1;1;0;1;1;1;1;1;1
Darkbore Pathway;10;7;3;0.7;0.3;0.7619047619047619;0.0;1;1;0;1;0;1;1;0;1;1;1;1;1;1
Wasteland;9;9;0;1.0;0.0;0.3703703703703703;0.0;1;1;1;1;1;0;1;0;1;1;1;1;1;1
Thoughtseize;9;9;0;1.0;0.0;0.4814814814814814;1.0;1;1;0;1;1;1;1;1;0;1;1;1;1;1
Bitterblossom;11;8;3;0.72727;0.27273;0.6041666666666666;2.0;1;1;0;1;1;1;1;1;1;1;1;1;0;0
Assassin's Trophy;10;7;3;0.7;0.3;0.2857142857142857;2.0;1;1;0;1;0;1;1;1;1;0;1;1;1;1
Snuff Out;11;9;2;0.81818;0.18182;0.5185185185185185;4.0;1;1;0;1;1;1;1;1;1;0;1;1;1;1
Elspeth Conquers Death;4;3;1;0.75;0.25;0.3888888888888889;5.0;0;1;1;1;1;1;1;1;1;1;1;1;0;1
Casualties of War;4;1;3;0.25;0.75;0.0;6.0;1;1;0;1;0;1;1;1;0;1;1;1;1;1
Survival of the Fittest;8;4;4;0.5;0.5;0.3333333333333333;2.0;1;1;1;1;0;1;1;1;1;1;1;1;0;1
Rofellos, Llanowar Emissary;11;8;3;0.72727;0.27273;0.6041666666666666;2.0;1;1;1;1;0;1;0;1;1;1;1;1;1;1
Search for Tomorrow;4;2;2;0.5;0.5;0.1666666666666666;3.0;1;1;1;1;0;1;1;1;0;1;1;1;1;1
The Scarab God;5;2;3;0.4;0.6;0.5;5.0;1;0;0;1;1;1;0;1;1;1;1;1;1;1
Plow Under;1;0;1;0.0;1.0;0.0;5.0;1;1;1;1;0;1;1;1;0;1;1;1;1;1
Griselbrand;10;8;2;0.8;0.2;0.375;8.0;1;1;0;1;1;1;0;1;1;1;1;1;1;1
Giver of Runes;12;8;4;0.66667;0.33333;0.6041666666666666;1.0;0;1;1;1;1;1;0;1;1;1;1;1;1;1
Vendilion Clique;14;11;3;0.78571;0.21429;0.4848484848484848;3.0;1;0;1;1;1;1;0;1;1;1;1;1;1;1
Hall of Storm Giants;7;6;1;0.85714;0.14286;0.5555555555555556;0.0;1;0;1;1;1;1;1;0;1;1;1;1;1;1
Raffine's Tower;4;4;0;1.0;0.0;0.625;0.0;0;0;0;1;1;1;1;0;1;1;1;1;1;1
Flooded Strand;20;19;1;0.95;0.05;0.543859649122807;0.0;0;0;1;1;1;1;1;0;1;1;1;1;1;1
Maze of Ith;11;4;7;0.36364;0.63636;0.625;0.0;1;1;1;1;1;0;1;0;1;1;1;1;1;1
Swift Reconfiguration;4;4;0;1.0;0.0;0.5833333333333334;1.0;0;1;1;1;1;1;1;1;1;1;1;1;0;1
Consider;8;8;0;1.0;0.0;0.5833333333333334;1.0;1;0;1;1;1;1;1;1;1;0;1;1;1;1
Golgari Signet;6;3;3;0.5;0.5;0.6666666666666666;2.0;1;1;0;1;0;1;1;1;1;1;0;1;1;1
Azorius Signet;11;8;3;0.72727;0.27273;0.6458333333333334;2.0;0;0;1;1;1;1;1;1;1;1;0;1;1;1
Dimir Signet;11;6;5;0.54545;0.45455;0.5277777777777778;2.0;1;0;0;1;1;1;1;1;1;1;0;1;1;1
Fact or Fiction;8;5;3;0.625;0.375;0.7333333333333333;4.0;1;0;1;1;1;1;1;1;1;0;1;1;1;1
Supreme Verdict;10;3;7;0.3;0.7;0.4444444444444444;4.0;0;0;1;1;1;1;1;1;0;1;1;1;1;1
Force of Will;11;10;1;0.90909;0.09091;0.5333333333333333;5.0;1;0;1;1;1;1;1;1;1;0;1;1;1;1
Dig Through Time;13;9;4;0.69231;0.30769;0.4074074074074074;8.0;1;0;1;1;1;1;1;1;1;0;1;1;1;1
Eater of Virtue;6;5;1;0.83333;0.16667;0.5;1.0;1;1;1;1;1;0;1;1;1;1;0;1;1;1
Thought Scour;8;5;3;0.625;0.375;0.5;1.0;1;0;1;1;1;1;1;1;1;0;1;1;1;1
Murderous Cut;6;3;3;0.5;0.5;0.6666666666666666;5.0;1;1;0;1;1;1;1;1;1;0;1;1;1;1
Time Spiral;8;3;5;0.375;0.625;0.3888888888888889;6.0;1;0;1;1;1;1;1;1;0;1;1;1;1;1
Elvish Reclaimer;11;8;3;0.72727;0.27273;0.4166666666666667;1.0;1;1;1;1;0;1;0;1;1;1;1;1;1;1
Reclamation Sage;10;7;3;0.7;0.3;0.4285714285714285;3.0;1;1;1;1;0;1;0;1;1;1;1;1;1;1
Hullbreaker Horror;5;3;2;0.6;0.4;0.6111111111111112;7.0;1;0;1;1;1;1;0;1;1;1;1;1;1;1
Celestial Colonnade;12;9;3;0.75;0.25;0.5;0.0;0;0;1;1;1;1;1;0;1;1;1;1;1;1
Portable Hole;7;5;2;0.71429;0.28571;0.3666666666666666;1.0;0;1;1;1;1;1;1;1;1;1;0;1;1;1
Daze;11;7;4;0.63636;0.36364;0.4285714285714285;2.0;1;0;1;1;1;1;1;1;1;0;1;1;1;1
Thirst for Discovery;6;4;2;0.66667;0.33333;0.625;3.0;1;0;1;1;1;1;1;1;1;0;1;1;1;1
Mayhem Devil;13;3;10;0.23077;0.76923;0.7222222222222222;3.0;1;1;0;0;1;1;0;1;1;1;1;1;1;1
Uro, Titan of Nature's Wrath;5;2;3;0.4;0.6;0.5;3.0;1;0;1;1;0;1;0;1;1;1;1;1;1;1
Chord of Calling;7;4;3;0.57143;0.42857;0.5833333333333334;3.0;1;1;1;1;0;1;1;1;1;0;1;1;1;1
Spike Feeder;10;0;10;0.0;1.0;0.0;3.0;1;1;1;1;0;1;0;1;1;1;1;1;1;1
Light Up the Stage;5;2;3;0.4;0.6;0.5833333333333334;3.0;1;1;1;0;1;1;1;1;0;1;1;1;1;1
Porcelain Legionnaire;12;8;4;0.66667;0.33333;0.5833333333333334;3.0;0;1;1;1;1;1;0;1;1;1;0;1;1;1
The Gitrog Monster;8;5;3;0.625;0.375;0.4666666666666667;5.0;1;1;0;1;0;1;0;1;1;1;1;1;1;1
Sundering Titan;9;4;5;0.44444;0.55556;0.4583333333333333;8.0;1;1;1;1;1;0;0;1;1;1;0;1;1;1
Llanowar Elves;8;8;0;1.0;0.0;0.4375;1.0;1;1;1;1;0;1;0;1;1;1;1;1;1;1
Grim Flayer;7;2;5;0.28571;0.71429;0.5;2.0;1;1;0;1;0;1;0;1;1;1;1;1;1;1
Rankle, Master of Pranks;13;10;3;0.76923;0.23077;0.5666666666666667;4.0;1;1;0;1;1;1;0;1;1;1;1;1;1;1
Oracle of Mul Daya;10;7;3;0.7;0.3;0.6428571428571429;4.0;1;1;1;1;0;1;0;1;1;1;1;1;1;1
Magus of the Order;6;3;3;0.5;0.5;0.3888888888888889;4.0;1;1;1;1;0;1;0;1;1;1;1;1;1;1
Thragtusk;13;11;2;0.84615;0.15385;0.4848484848484848;5.0;1;1;1;1;0;1;0;1;1;1;1;1;1;1
Deranged Hermit;3;3;0;1.0;0.0;0.6666666666666666;5.0;1;1;1;1;0;1;0;1;1;1;1;1;1;1
Engineered Explosives;12;5;7;0.41667;0.58333;0.6333333333333333;0.0;1;1;1;1;1;0;1;1;1;1;0;1;1;1
Hive of the Eye Tyrant;9;8;1;0.88889;0.11111;0.5625;0.0;1;1;0;1;1;1;1;0;1;1;1;1;1;1
Lair of the Hydra;7;5;2;0.71429;0.28571;0.3333333333333333;0.0;1;1;1;1;0;1;1;0;1;1;1;1;1;1
Field of Ruin;4;2;2;0.5;0.5;0.6666666666666666;0.0;1;1;1;1;1;0;1;0;1;1;1;1;1;1
Agadeem's Awakening;10;4;6;0.4;0.6;0.5833333333333334;3.0;1;1;0;1;1;1;1;1;0;1;1;1;1;1
Thran Dynamo;8;4;4;0.5;0.5;0.7083333333333334;4.0;1;1;1;1;1;0;1;1;1;1;0;1;1;1
Inquisition of Kozilek;10;9;1;0.9;0.1;0.6851851851851852;1.0;1;1;0;1;1;1;1;1;0;1;1;1;1;1
Dark Ritual;8;2;6;0.25;0.75;0.75;1.0;1;1;0;1;1;1;1;1;1;0;1;1;1;1
Chromatic Star;8;4;4;0.5;0.5;0.5833333333333334;1.0;1;1;1;1;1;0;1;1;1;1;0;1;1;1
Rift Bolt;7;5;2;0.71429;0.28571;0.4666666666666667;3.0;1;1;1;0;1;1;1;1;0;1;1;1;1;1
Birthing Pod;10;4;6;0.4;0.6;0.5;4.0;1;1;1;1;0;1;1;1;1;1;0;1;1;1
Craterhoof Behemoth;10;5;5;0.5;0.5;0.3333333333333333;8.0;1;1;1;1;0;1;0;1;1;1;1;1;1;1
Ancient Stone Idol;8;3;5;0.375;0.625;0.3888888888888889;10.0;1;1;1;1;1;0;0;1;1;1;0;1;1;1
Vizier of Remedies;8;1;7;0.125;0.875;0.5;2.0;0;1;1;1;1;1;0;1;1;1;1;1;1;1
Charming Prince;10;8;2;0.8;0.2;0.4583333333333333;2.0;0;1;1;1;1;1;0;1;1;1;1;1;1;1
Seasoned Hallowblade;12;10;2;0.83333;0.16667;0.5;2.0;0;1;1;1;1;1;0;1;1;1;1;1;1;1
Dire Fleet Daredevil;7;4;3;0.57143;0.42857;0.5416666666666666;2.0;1;1;1;0;1;1;0;1;1;1;1;1;1;1
Jetmir's Garden;3;3;0;1.0;0.0;0.4444444444444444;0.0;0;1;1;0;0;1;1;0;1;1;1;1;1;1
Mutavault;12;8;4;0.66667;0.33333;0.5208333333333334;0.0;1;1;1;1;1;0;1;0;1;1;1;1;1;1
Legion's Landing;10;5;5;0.5;0.5;0.5666666666666667;1.0;0;1;1;1;1;1;1;1;1;1;1;1;0;1
Seal of Fire;9;6;3;0.66667;0.33333;0.6388888888888888;1.0;1;1;1;0;1;1;1;1;1;1;1;1;0;1
Winter Orb;8;4;4;0.5;0.5;0.5;2.0;1;1;1;1;1;0;1;1;1;1;0;1;1;1
Wheel of Fortune;10;7;3;0.7;0.3;0.4285714285714285;3.0;1;1;1;0;1;1;1;1;0;1;1;1;1;1
The Wandering Emperor;4;4;0;1.0;0.0;0.6666666666666666;4.0;0;1;1;1;1;1;1;1;1;1;1;0;1;1
Showdown of the Skalds;9;5;4;0.55556;0.44444;0.6333333333333333;4.0;0;1;1;0;1;1;1;1;1;1;1;1;0;1
Blackcleave Cliffs;9;7;2;0.77778;0.22222;0.5714285714285714;0.0;1;1;0;0;1;1;1;0;1;1;1;1;1;1
Putrid Imp;10;4;6;0.4;0.6;0.4583333333333333;1.0;1;1;0;1;1;1;0;1;1;1;1;1;1;1
Hymn to Tourach;10;5;5;0.5;0.5;0.4666666666666667;2.0;1;1;0;1;1;1;1;1;0;1;1;1;1;1
Heliod, Sun-Crowned;7;2;5;0.28571;0.71429;0.5833333333333334;3.0;0;1;1;1;1;1;0;1;1;1;1;1;0;1
Falkenrath Aristocrat;14;6;8;0.42857;0.57143;0.4444444444444444;4.0;1;1;0;0;1;1;0;1;1;1;1;1;1;1
Monastery Swiftspear;11;8;3;0.72727;0.27273;0.625;1.0;1;1;1;0;1;1;0;1;1;1;1;1;1;1
Falkenrath Pit Fighter;10;5;5;0.5;0.5;0.6333333333333333;1.0;1;1;1;0;1;1;0;1;1;1;1;1;1;1
Zurgo Bellstriker;9;5;4;0.55556;0.44444;0.6666666666666666;1.0;1;1;1;0;1;1;0;1;1;1;1;1;1;1
Luminarch Aspirant;10;9;1;0.9;0.1;0.4629629629629629;2.0;0;1;1;1;1;1;0;1;1;1;1;1;1;1
Kari Zev, Skyship Raider;14;13;1;0.92857;0.07143;0.5256410256410257;2.0;1;1;1;0;1;1;0;1;1;1;1;1;1;1
Bloodthirsty Adversary;9;6;3;0.66667;0.33333;0.6666666666666666;2.0;1;1;1;0;1;1;0;1;1;1;1;1;1;1
Embereth Shieldbreaker;9;5;4;0.55556;0.44444;0.6333333333333333;1.0;1;1;1;0;1;1;1;1;0;1;1;1;1;1
Monastery Mentor;14;10;4;0.71429;0.28571;0.5166666666666667;3.0;0;1;1;1;1;1;0;1;1;1;1;1;1;1
Hanweir Garrison;10;8;2;0.8;0.2;0.625;3.0;1;1;1;0;1;1;0;1;1;1;1;1;1;1
Spikefield Hazard;7;6;1;0.85714;0.14286;0.5277777777777778;1.0;1;1;1;0;1;1;1;1;1;0;1;1;1;1
Pyrite Spellbomb;5;3;2;0.6;0.4;0.6111111111111112;1.0;1;1;1;0;1;1;1;1;1;1;0;1;1;1
Crucible of Worlds;12;6;6;0.5;0.5;0.4444444444444444;3.0;1;1;1;1;1;0;1;1;1;1;0;1;1;1
Murderous Redcap;8;4;4;0.5;0.5;0.5416666666666666;4.0;1;1;0;0;1;1;0;1;1;1;1;1;1;1
Champion of the Parish;11;7;4;0.63636;0.36364;0.5238095238095238;1.0;0;1;1;1;1;1;0;1;1;1;1;1;1;1
Esper Sentinel;5;4;1;0.8;0.2;0.5833333333333334;1.0;0;1;1;1;1;1;0;1;1;1;0;1;1;1
Dauntless Bodyguard;10;7;3;0.7;0.3;0.4523809523809524;1.0;0;1;1;1;1;1;0;1;1;1;1;1;1;1
Usher of the Fallen;12;7;5;0.58333;0.41667;0.5476190476190477;1.0;0;1;1;1;1;1;0;1;1;1;1;1;1;1
Soul-Scar Mage;9;5;4;0.55556;0.44444;0.6333333333333333;1.0;1;1;1;0;1;1;0;1;1;1;1;1;1;1
Sungold Sentinel;5;5;0;1.0;0.0;0.6;2.0;0;1;1;1;1;1;0;1;1;1;1;1;1;1
Anafenza, Kin-Tree Spirit;8;5;3;0.625;0.375;0.5333333333333333;2.0;0;1;1;1;1;1;0;1;1;1;1;1;1;1
Karmic Guide;4;2;2;0.5;0.5;0.5833333333333334;5.0;0;1;1;1;1;1;0;1;1;1;1;1;1;1
Den of the Bugbear;8;8;0;1.0;0.0;0.4791666666666667;0.0;1;1;1;0;1;1;1;0;1;1;1;1;1;1
Plateau;13;9;4;0.69231;0.30769;0.5740740740740741;0.0;0;1;1;0;1;1;1;0;1;1;1;1;1;1
Path to Exile;11;9;2;0.81818;0.18182;0.4629629629629629;1.0;0;1;1;1;1;1;1;1;1;0;1;1;1;1
Faithless Looting;9;9;0;1.0;0.0;0.4259259259259259;1.0;1;1;1;0;1;1;1;1;0;1;1;1;1;1
Searing Spear;8;8;0;1.0;0.0;0.5208333333333334;2.0;1;1;1;0;1;1;1;1;1;0;1;1;1;1
Lightning Greaves;7;1;6;0.14286;0.85714;0.6666666666666666;2.0;1;1;1;1;1;0;1;1;1;1;0;1;1;1
Occult Epiphany;7;5;2;0.71429;0.28571;0.4666666666666667;1.0;1;0;1;1;1;1;1;1;1;0;1;1;1;1
Time Warp;12;7;5;0.58333;0.41667;0.4523809523809524;5.0;1;0;1;1;1;1;1;1;0;1;1;1;1;1
Stonecoil Serpent;12;8;4;0.66667;0.33333;0.5208333333333334;0.0;1;1;1;1;1;0;0;1;1;1;0;1;1;1
Rabbit Battery;3;3;0;1.0;0.0;0.5555555555555556;1.0;1;1;1;0;1;1;0;1;1;1;0;1;1;1
Figure of Destiny;10;6;4;0.6;0.4;0.5555555555555556;1.0;0;1;1;0;1;1;0;1;1;1;1;1;1;1
Cathar Commando;10;9;1;0.9;0.1;0.4814814814814814;2.0;0;1;1;1;1;1;0;1;1;1;1;1;1;1
Najeela, the Blade-Blossom;4;1;3;0.25;0.75;0.5;3.0;1;1;1;0;1;1;0;1;1;1;1;1;1;1
Tarfire;7;6;1;0.85714;0.14286;0.6388888888888888;1.0;1;1;1;0;1;1;1;1;1;0;1;1;1;0
Fireblast;12;10;2;0.83333;0.16667;0.5;6.0;1;1;1;0;1;1;1;1;1;0;1;1;1;1
Traverse the Ulvenwald;8;3;5;0.375;0.625;0.1111111111111111;1.0;1;1;1;1;0;1;1;1;0;1;1;1;1;1
Goblin Welder;9;4;5;0.44444;0.55556;0.75;1.0;1;1;1;0;1;1;0;1;1;1;1;1;1;1
Carrion Feeder;14;5;9;0.35714;0.64286;0.6333333333333333;1.0;1;1;0;1;1;1;0;1;1;1;1;1;1;1
Lesser Masticore;8;2;6;0.25;0.75;0.5;2.0;1;1;1;1;1;0;0;1;1;1;0;1;1;1
Bloodghast;11;5;6;0.45455;0.54545;0.4;2.0;1;1;0;1;1;1;0;1;1;1;1;1;1;1
Blade of the Oni;6;4;2;0.66667;0.33333;0.375;2.0;1;1;0;1;1;1;0;1;1;1;0;1;1;1
Good-Fortune Unicorn;6;2;4;0.33333;0.66667;0.6666666666666666;3.0;0;1;1;1;0;1;0;1;1;1;1;1;1;1
Rotting Regisaur;14;6;8;0.42857;0.57143;0.3055555555555556;3.0;1;1;0;1;1;1;0;1;1;1;1;1;1;1
Questing Beast;11;10;1;0.90909;0.09091;0.4;4.0;1;1;1;1;0;1;0;1;1;1;1;1;1;1
Ravenous Chupacabra;6;5;1;0.83333;0.16667;0.6;4.0;1;1;0;1;1;1;0;1;1;1;1;1;1;1
Cryptbreaker;12;8;4;0.66667;0.33333;0.5;1.0;1;1;0;1;1;1;0;1;1;1;1;1;1;1
Gravecrawler;12;2;10;0.16667;0.83333;0.3333333333333333;1.0;1;1;0;1;1;1;0;1;1;1;1;1;1;1
Bloodsoaked Champion;10;7;3;0.7;0.3;0.4047619047619047;1.0;1;1;0;1;1;1;0;1;1;1;1;1;1;1
Scrapheap Scrounger;10;7;3;0.7;0.3;0.4761904761904761;2.0;1;1;0;1;1;1;0;1;1;1;0;1;1;1
Wight;2;2;0;1.0;0.0;0.3333333333333333;2.0;1;1;0;1;1;1;0;1;1;1;1;1;1;1
Dark Confidant;14;9;5;0.64286;0.35714;0.4629629629629629;2.0;1;1;0;1;1;1;0;1;1;1;1;1;1;1
Midnight Reaper;12;3;9;0.25;0.75;0.5;3.0;1;1;0;1;1;1;0;1;1;1;1;1;1;1
Hazoret the Fervent;8;4;4;0.5;0.5;0.5833333333333334;4.0;1;1;1;0;1;1;0;1;1;1;1;1;1;1
Burst Lightning;3;3;0;1.0;0.0;0.6111111111111112;1.0;1;1;1;0;1;1;1;1;1;0;1;1;1;1
Sulfuric Vortex;10;7;3;0.7;0.3;0.5476190476190477;3.0;1;1;1;0;1;1;1;1;1;1;1;1;0;1
Painful Truths;1;1;0;1.0;0.0;0.3333333333333333;3.0;1;1;0;1;1;1;1;1;0;1;1;1;1;1
Grim Lavamancer;11;8;3;0.72727;0.27273;0.625;1.0;1;1;1;0;1;1;0;1;1;1;1;1;1;1
Ragavan, Nimble Pilferer;12;12;0;1.0;0.0;0.5833333333333334;1.0;1;1;1;0;1;1;0;1;1;1;1;1;1;1
Goblin Cratermaker;6;3;3;0.5;0.5;0.6111111111111112;2.0;1;1;1;0;1;1;0;1;1;1;1;1;1;1
Emrakul, the Aeons Torn;10;6;4;0.6;0.4;0.5;15.0;1;1;1;1;1;0;0;1;1;1;1;1;1;1
Lavaclaw Reaches;3;3;0;1.0;0.0;0.6666666666666666;0.0;1;1;0;0;1;1;1;0;1;1;1;1;1;1
Ancient Tomb;12;9;3;0.75;0.25;0.6851851851851852;0.0;1;1;1;1;1;0;1;0;1;1;1;1;1;1
Light Up the Night;4;3;1;0.75;0.25;0.6111111111111112;1.0;1;1;1;0;1;1;1;1;0;1;1;1;1;1
Liliana of the Veil;9;7;2;0.77778;0.22222;0.5;3.0;1;1;0;1;1;1;1;1;1;1;1;0;1;1
Chandra, Acolyte of Flame;11;8;3;0.72727;0.27273;0.5416666666666666;3.0;1;1;1;0;1;1;1;1;1;1;1;0;1;1
Mishra's Factory;9;8;1;0.88889;0.11111;0.6666666666666666;0.0;1;1;1;1;1;0;1;0;1;1;1;1;1;1
Dreadhorde Arcanist;6;2;4;0.33333;0.66667;0.5833333333333334;2.0;1;1;1;0;1;1;0;1;1;1;1;1;1;1
Mimic Vat;2;0;2;0.0;1.0;0.0;3.0;1;1;1;1;1;0;1;1;1;1;0;1;1;1
Smokestack;8;2;6;0.25;0.75;0.3333333333333333;4.0;1;1;1;1;1;0;1;1;1;1;0;1;1;1
Carnage Tyrant;7;5;2;0.71429;0.28571;0.5;6.0;1;1;1;1;0;1;0;1;1;1;1;1;1;1
Zealous Conscripts;11;9;2;0.81818;0.18182;0.4629629629629629;5.0;1;1;1;0;1;1;0;1;1;1;1;1;1;1
Kiki-Jiki, Mirror Breaker;8;5;3;0.625;0.375;0.4;5.0;1;1;1;0;1;1;0;1;1;1;1;1;1;1
Clearwater Pathway;11;9;2;0.81818;0.18182;0.5925925925925926;0.0;1;0;0;1;1;1;1;0;1;1;1;1;1;1
Imperial Seal;6;4;2;0.66667;0.33333;0.25;1.0;1;1;0;1;1;1;1;1;0;1;1;1;1;1
Splinter Twin;9;5;4;0.55556;0.44444;0.4;4.0;1;1;1;0;1;1;1;1;1;1;1;1;0;1
Young Pyromancer;11;7;4;0.63636;0.36364;0.6190476190476191;2.0;1;1;1;0;1;1;0;1;1;1;1;1;1;1
Jace, Wielder of Mysteries;3;0;3;0.0;1.0;0.0;4.0;1;0;1;1;1;1;1;1;1;1;1;0;1;1
Opposition;13;6;7;0.46154;0.53846;0.6944444444444444;4.0;1;0;1;1;1;1;1;1;1;1;1;1;0;1
Upheaval;11;5;6;0.45455;0.54545;0.7666666666666667;6.0;1;0;1;1;1;1;1;1;0;1;1;1;1;1
Gilded Goose;15;13;2;0.86667;0.13333;0.6282051282051282;1.0;1;1;1;1;0;1;0;1;1;1;1;1;1;1
Hostage Taker;9;6;3;0.66667;0.33333;0.5833333333333334;4.0;1;0;0;1;1;1;0;1;1;1;1;1;1;1
Breeding Pool;12;7;5;0.58333;0.41667;0.5714285714285714;0.0;1;0;1;1;0;1;1;0;1;1;1;1;1;1
Sylvan Library;9;8;1;0.88889;0.11111;0.5625;2.0;1;1;1;1;0;1;1;1;1;1;1;1;0;1
Harmonize;5;3;2;0.6;0.4;0.2777777777777778;4.0;1;1;1;1;0;1;1;1;0;1;1;1;1;1
Nissa, Who Shakes the World;11;7;4;0.63636;0.36364;0.3809523809523809;5.0;1;1;1;1;0;1;1;1;1;1;1;0;1;1
Copperline Gorge;5;1;4;0.2;0.8;0.3333333333333333;0.0;1;1;1;0;0;1;1;0;1;1;1;1;1;1
Shambling Vent;5;4;1;0.8;0.2;0.625;0.0;0;1;0;1;1;1;1;0;1;1;1;1;1;1
Reanimate;11;7;4;0.63636;0.36364;0.5238095238095238;1.0;1;1;0;1;1;1;1;1;0;1;1;1;1;1
Cryptic Command;14;12;2;0.85714;0.14286;0.5416666666666666;4.0;1;0;1;1;1;1;1;1;1;0;1;1;1;1
Dread Wanderer;14;6;8;0.42857;0.57143;0.4444444444444444;1.0;1;1;0;1;1;1;0;1;1;1;1;1;1;1
Knight of the Ebon Legion;14;5;9;0.35714;0.64286;0.5;1.0;1;1;0;1;1;1;0;1;1;1;1;1;1;1
Skyclave Shade;11;4;7;0.36364;0.63636;0.5416666666666666;2.0;1;1;0;1;1;1;0;1;1;1;1;1;1;1
Oona's Prowler;12;5;7;0.41667;0.58333;0.5;2.0;1;1;0;1;1;1;0;1;1;1;1;1;1;1
Vryn Wingmare;2;1;1;0.5;0.5;0.3333333333333333;3.0;0;1;1;1;1;1;0;1;1;1;1;1;1;1
Sedgemoor Witch;11;6;5;0.54545;0.45455;0.3333333333333333;3.0;1;1;0;1;1;1;0;1;1;1;1;1;1;1
Palace Jailer;12;10;2;0.83333;0.16667;0.4666666666666667;4.0;0;1;1;1;1;1;0;1;1;1;1;1;1;1
Barren Moor;1;1;0;1.0;0.0;0.3333333333333333;0.0;1;1;0;1;1;1;1;0;1;1;1;1;1;1
Bloodchief's Thirst;12;11;1;0.91667;0.08333;0.6212121212121212;1.0;1;1;0;1;1;1;1;1;0;1;1;1;1;1
Damn;11;7;4;0.63636;0.36364;0.3333333333333333;2.0;0;1;0;1;1;1;1;1;0;1;1;1;1;1
Collective Brutality;9;7;2;0.77778;0.22222;0.4285714285714285;2.0;1;1;0;1;1;1;1;1;0;1;1;1;1;1
History of Benalia;6;5;1;0.83333;0.16667;0.4;3.0;0;1;1;1;1;1;1;1;1;1;1;1;0;1
Liliana, the Last Hope;13;7;6;0.53846;0.46154;0.5714285714285714;3.0;1;1;0;1;1;1;1;1;1;1;1;0;1;1
Grafted Wargear;9;7;2;0.77778;0.22222;0.4523809523809524;3.0;1;1;1;1;1;0;1;1;1;1;0;1;1;1
Castle Ardenvale;2;2;0;1.0;0.0;0.4166666666666667;0.0;0;1;1;1;1;1;1;0;1;1;1;1;1;1
Hallowed Fountain;10;6;4;0.6;0.4;0.5277777777777778;0.0;0;0;1;1;1;1;1;0;1;1;1;1;1;1
Xenagos, the Reveler;4;1;3;0.25;0.75;0.5;4.0;1;1;1;0;0;1;1;1;1;1;1;0;1;1
Kenrith, the Returned King;6;0;6;0.0;1.0;0.0;5.0;0;0;0;0;0;1;0;1;1;1;1;1;1;1
Gilded Lotus;4;2;2;0.5;0.5;0.3333333333333333;5.0;1;1;1;1;1;0;1;1;1;1;0;1;1;1
Dragon Hunter;8;4;4;0.5;0.5;0.5416666666666666;1.0;0;1;1;1;1;1;0;1;1;1;1;1;1;1
Blade Splicer;11;8;3;0.72727;0.27273;0.5;3.0;0;1;1;1;1;1;0;1;1;1;1;1;1;1
Evolving Wilds;3;3;0;1.0;0.0;0.7222222222222222;0.0;1;1;1;1;1;0;1;0;1;1;1;1;1;1
Bone Shards;11;9;2;0.81818;0.18182;0.5185185185185185;1.0;1;1;0;1;1;1;1;1;0;1;1;1;1;1
Bonesplitter;8;6;2;0.75;0.25;0.6666666666666666;1.0;1;1;1;1;1;0;1;1;1;1;0;1;1;1
Baleful Mastery;4;2;2;0.5;0.5;0.4166666666666667;4.0;1;1;0;1;1;1;1;1;1;0;1;1;1;1
Gavony Township;3;0;3;0.0;1.0;0.0;0.0;0;1;1;1;0;1;1;0;1;1;1;1;1;1
Brainstorm;7;4;3;0.57143;0.42857;0.4166666666666667;1.0;1;0;1;1;1;1;1;1;1;0;1;1;1;1
Lodestone Golem;10;6;4;0.6;0.4;0.6388888888888888;4.0;1;1;1;1;1;0;0;1;1;1;0;1;1;1
Doomskar;4;0;4;0.0;1.0;0.0;5.0;0;1;1;1;1;1;1;1;0;1;1;1;1;1
Sun Titan;5;3;2;0.6;0.4;0.3888888888888889;6.0;0;1;1;1;1;1;0;1;1;1;1;1;1;1
Stirring Wildwood;1;1;0;1.0;0.0;0.3333333333333333;0.0;0;1;1;1;0;1;1;0;1;1;1;1;1;1
Gideon of the Trials;1;1;0;1.0;0.0;0.3333333333333333;3.0;0;1;1;1;1;1;1;1;1;1;1;0;1;1
Parallax Wave;13;6;7;0.46154;0.53846;0.4166666666666667;4.0;0;1;1;1;1;1;1;1;1;1;1;1;0;1
Pestermite;10;4;6;0.4;0.6;0.4166666666666667;3.0;1;0;1;1;1;1;0;1;1;1;1;1;1;1
Torrential Gearhulk;5;2;3;0.4;0.6;0.5;6.0;1;0;1;1;1;1;0;1;1;1;0;1;1;1
Sensei's Divining Top;9;6;3;0.66667;0.33333;0.4444444444444444;1.0;1;1;1;1;1;0;1;1;1;1;0;1;1;1
Miscalculation;10;10;0;1.0;0.0;0.5;2.0;1;0;1;1;1;1;1;1;1;0;1;1;1;1
Coalition Relic;9;8;1;0.88889;0.11111;0.5416666666666666;3.0;1;1;1;1;1;0;1;1;1;1;0;1;1;1
Mindslaver;9;4;5;0.44444;0.55556;0.5416666666666666;6.0;1;1;1;1;1;0;1;1;1;1;0;1;1;1
Phyrexian Tower;11;4;7;0.36364;0.63636;0.4583333333333333;0.0;1;1;0;1;1;1;1;0;1;1;1;1;1;1
Thief of Sanity;7;3;4;0.42857;0.57143;0.6111111111111112;3.0;1;0;0;1;1;1;0;1;1;1;1;1;1;1
Riftwing Cloudskate;7;5;2;0.71429;0.28571;0.5666666666666667;5.0;1;0;1;1;1;1;0;1;1;1;1;1;1;1
Jadar, Ghoulcaller of Nephalia;11;6;5;0.54545;0.45455;0.3333333333333333;2.0;1;1;0;1;1;1;0;1;1;1;1;1;1;1
Spellseeker;4;3;1;0.75;0.25;0.4444444444444444;3.0;1;0;1;1;1;1;0;1;1;1;1;1;1;1
Venser, Shaper Savant;10;9;1;0.9;0.1;0.4259259259259259;4.0;1;0;1;1;1;1;0;1;1;1;1;1;1;1
Triplicate Titan;8;7;1;0.875;0.125;0.5;9.0;1;1;1;1;1;0;0;1;1;1;0;1;1;1
Opt;11;10;1;0.90909;0.09091;0.5;1.0;1;0;1;1;1;1;1;1;1;0;1;1;1;1
Unearth;3;3;0;1.0;0.0;0.3333333333333333;1.0;1;1;0;1;1;1;1;1;0;1;1;1;1;1
Animate Dead;11;9;2;0.81818;0.18182;0.5185185185185185;2.0;1;1;0;1;1;1;1;1;1;1;1;1;0;1
Waterlogged Grove;3;2;1;0.66667;0.33333;0.5;0.0;1;0;1;1;0;1;1;0;1;1;1;1;1;1
Blood Artist;8;4;4;0.5;0.5;0.625;2.0;1;1;0;1;1;1;0;1;1;1;1;1;1;1
Polukranos, World Eater;3;1;2;0.33333;0.66667;0.6666666666666666;4.0;1;1;1;1;0;1;0;1;1;1;1;1;1;1
Titania, Protector of Argoth;8;6;2;0.75;0.25;0.5555555555555556;5.0;1;1;1;1;0;1;0;1;1;1;1;1;1;1
Archangel of Thune;5;1;4;0.2;0.8;0.3333333333333333;5.0;0;1;1;1;1;1;0;1;1;1;1;1;1;1
Nexus of Fate;3;0;3;0.0;1.0;0.0;7.0;1;0;1;1;1;1;1;1;1;0;1;1;1;1
Cavalier of Gales;3;2;1;0.66667;0.33333;0.5;5.0;1;0;1;1;1;1;0;1;1;1;1;1;1;1
Consecrated Sphinx;4;4;0;1.0;0.0;0.5416666666666666;6.0;1;0;1;1;1;1;0;1;1;1;1;1;1;1
Lonely Sandbar;3;2;1;0.66667;0.33333;0.4166666666666667;0.0;1;0;1;1;1;1;1;0;1;1;1;1;1;1
Creeping Tar Pit;11;8;3;0.72727;0.27273;0.5833333333333334;0.0;1;0;0;1;1;1;1;0;1;1;1;1;1;1
Umezawa's Jitte;12;11;1;0.91667;0.08333;0.6363636363636364;2.0;1;1;1;1;1;0;1;1;1;1;0;1;1;1
Dryad Arbor;3;1;2;0.33333;0.66667;0.5;0.0;1;1;1;1;0;1;0;0;1;1;1;1;1;1
Gutterbones;8;1;7;0.125;0.875;0.8333333333333334;1.0;1;1;0;1;1;1;0;1;1;1;1;1;1;1
Ajani Vengeant;2;1;1;0.5;0.5;0.6666666666666666;4.0;0;1;1;0;1;1;1;1;1;1;1;0;1;1
Ethereal Forager;8;5;3;0.625;0.375;0.5333333333333333;6.0;1;0;1;1;1;1;0;1;1;1;1;1;1;1
Sleight of Hand;8;7;1;0.875;0.125;0.6904761904761905;1.0;1;0;1;1;1;1;1;1;0;1;1;1;1;1
Preordain;7;7;0;1.0;0.0;0.5238095238095238;1.0;1;0;1;1;1;1;1;1;0;1;1;1;1;1
Impulse;8;7;1;0.875;0.125;0.5714285714285714;2.0;1;0;1;1;1;1;1;1;1;0;1;1;1;1
Jace, the Mind Sculptor;9;9;0;1.0;0.0;0.5925925925925926;4.0;1;0;1;1;1;1;1;1;1;1;1;0;1;1
Gruul Signet;7;3;4;0.42857;0.57143;0.3888888888888889;2.0;1;1;1;0;0;1;1;1;1;1;0;1;1;1
Altar of Dementia;7;0;7;0.0;1.0;0.0;2.0;1;1;1;1;1;0;1;1;1;1;0;1;1;1
Lutri, the Spellchaser;12;0;12;0.0;1.0;0.6666666666666666;3.0;1;0;1;0;1;1;0;1;1;1;1;1;1;1
Spell Pierce;5;4;1;0.8;0.2;0.5416666666666666;1.0;1;0;1;1;1;1;1;1;1;0;1;1;1;1
Frantic Search;7;6;1;0.85714;0.14286;0.6111111111111112;3.0;1;0;1;1;1;1;1;1;1;0;1;1;1;1
Iona, Shield of Emeria;1;1;0;1.0;0.0;1.0;9.0;0;1;1;1;1;1;0;1;1;1;1;1;1;1
Temple of Silence;1;1;0;1.0;0.0;1.0;0.0;0;1;0;1;1;1;1;0;1;1;1;1;1;1
Concealed Courtyard;7;3;4;0.42857;0.57143;0.5;0.0;0;1;0;1;1;1;1;0;1;1;1;1;1;1
Faith's Fetters;1;1;0;1.0;0.0;1.0;4.0;0;1;1;1;1;1;1;1;1;1;1;1;0;1
Looter il-Kor;1;1;0;1.0;0.0;1.0;2.0;1;0;1;1;1;1;0;1;1;1;1;1;1;1
Temple of Malady;1;0;1;0.0;1.0;0.0;0.0;1;1;0;1;0;1;1;0;1;1;1;1;1;1
Negate;2;1;1;0.5;0.5;0.5;2.0;1;0;1;1;1;1;1;1;1;0;1;1;1;1
Manamorphose;1;0;1;0.0;1.0;0.0;2.0;1;1;1;0;0;1;1;1;1;0;1;1;1;1
Cabal Initiate;2;1;1;0.5;0.5;0.3333333333333333;2.0;1;1;0;1;1;1;0;1;1;1;1;1;1;1
Fauna Shaman;9;6;3;0.66667;0.33333;0.5277777777777778;2.0;1;1;1;1;0;1;0;1;1;1;1;1;1;1
Tasigur, the Golden Fang;2;1;1;0.5;0.5;0.3333333333333333;6.0;1;0;0;1;0;1;0;1;1;1;1;1;1;1
Hornet Queen;6;3;3;0.5;0.5;0.3888888888888889;7.0;1;1;1;1;0;1;0;1;1;1;1;1;1;1
Life // Death;9;3;6;0.33333;0.66667;0.5555555555555556;2.0;1;1;0;1;1;1;1;1;0;1;1;1;1;1
Primal Command;6;3;3;0.5;0.5;0.5;5.0;1;1;1;1;0;1;1;1;0;1;1;1;1;1
Krosan Verge;2;1;1;0.5;0.5;0.5;0.0;0;1;1;1;0;1;1;0;1;1;1;1;1;1
Lore Seeker;6;1;5;0.16667;0.83333;0.6666666666666666;2.0;1;1;1;1;1;0;0;1;1;1;0;1;1;1
Heirloom Blade;6;2;4;0.33333;0.66667;0.5;3.0;1;1;1;1;1;0;1;1;1;1;0;1;1;1
Reveillark;10;2;8;0.2;0.8;0.5;5.0;0;1;1;1;1;1;0;1;1;1;1;1;1;1
Joraga Treespeaker;10;9;1;0.9;0.1;0.5185185185185185;1.0;1;1;1;1;0;1;0;1;1;1;1;1;1;1
Fastbond;10;3;7;0.3;0.7;0.3888888888888889;1.0;1;1;1;1;0;1;1;1;1;1;1;1;0;1
Knight of the Reliquary;8;4;4;0.5;0.5;0.5;3.0;0;1;1;1;0;1;0;1;1;1;1;1;1;1
Cogwork Librarian;8;0;8;0.0;1.0;0.0;4.0;1;1;1;1;1;0;0;1;1;1;0;1;1;1
Expansion // Explosion;1;0;1;0.0;1.0;0.0;6.0;1;0;1;0;1;1;1;1;1;0;1;1;1;1
Putrid Goblin;8;3;5;0.375;0.625;0.7222222222222222;2.0;1;1;0;1;1;1;0;1;1;1;1;1;1;1
Melira, Sylvok Outcast;8;3;5;0.375;0.625;0.4444444444444444;2.0;1;1;1;1;0;1;0;1;1;1;1;1;1;1
Mind Twist;8;7;1;0.875;0.125;0.6190476190476191;1.0;1;1;0;1;1;1;1;1;0;1;1;1;1;1
Skullclamp;13;11;2;0.84615;0.15385;0.5454545454545454;1.0;1;1;1;1;1;0;1;1;1;1;0;1;1;1
Blasting Station;6;3;3;0.5;0.5;0.5555555555555556;3.0;1;1;1;1;1;0;1;1;1;1;0;1;1;1
Courser of Kruphix;9;6;3;0.66667;0.33333;0.7222222222222222;3.0;1;1;1;1;0;1;0;1;1;1;1;1;0;1
Outland Liberator;10;4;6;0.4;0.6;0.2083333333333333;2.0;1;1;1;1;0;1;0;1;1;1;1;1;1;1
Nissa, Vastwood Seer;5;5;0;1.0;0.0;0.5666666666666667;3.0;1;1;1;1;0;1;0;1;1;1;1;1;1;1
Primeval Titan;8;7;1;0.875;0.125;0.2857142857142857;6.0;1;1;1;1;0;1;0;1;1;1;1;1;1;1
Finale of Devastation;11;3;8;0.27273;0.72727;0.5;2.0;1;1;1;1;0;1;1;1;0;1;1;1;1;1
Castle Embereth;3;2;1;0.66667;0.33333;0.5833333333333334;0.0;1;1;1;0;1;1;1;0;1;1;1;1;1;1
Village Rites;2;0;2;0.0;1.0;0.0;1.0;1;1;0;1;1;1;1;1;1;0;1;1;1;1
Mystical Tutor;7;5;2;0.71429;0.28571;0.5;1.0;1;0;1;1;1;1;1;1;1;0;1;1;1;1
Dromoka's Command;1;0;1;0.0;1.0;0.0;2.0;0;1;1;1;0;1;1;1;1;0;1;1;1;1
Life from the Loam;8;1;7;0.125;0.875;0.1666666666666666;2.0;1;1;1;1;0;1;1;1;0;1;1;1;1;1
Shardless Agent;10;4;6;0.4;0.6;0.7083333333333334;3.0;1;0;1;1;0;1;0;1;1;1;0;1;1;1
Murderous Rider;8;7;1;0.875;0.125;0.4523809523809524;3.0;1;1;0;1;1;1;1;1;1;0;1;1;1;1
Retrofitter Foundry;7;4;3;0.57143;0.42857;0.375;1.0;1;1;1;1;1;0;1;1;1;1;0;1;1;1
Fable of the Mirror-Breaker;7;7;0;1.0;0.0;0.4523809523809524;3.0;1;1;1;0;1;1;0;1;1;1;1;1;1;1
Briarbridge Tracker;7;4;3;0.57143;0.42857;0.5;3.0;1;1;1;1;0;1;0;1;1;1;1;1;1;1
Hedron Archive;2;0;2;0.0;1.0;0.0;4.0;1;1;1;1;1;0;1;1;1;1;0;1;1;1
Hellrider;13;7;6;0.53846;0.46154;0.5476190476190477;4.0;1;1;1;0;1;1;0;1;1;1;1;1;1;1
Worldly Tutor;5;4;1;0.8;0.2;0.375;1.0;1;1;1;1;0;1;1;1;1;0;1;1;1;1
Orcish Lumberjack;6;2;4;0.33333;0.66667;0.75;1.0;1;1;1;0;0;1;0;1;1;1;1;1;1;1
Elves of Deep Shadow;5;5;0;1.0;0.0;0.5;1.0;1;1;1;1;0;1;0;1;1;1;1;1;1;1
Nurturing Peatland;4;4;0;1.0;0.0;0.5833333333333334;0.0;1;1;0;1;0;1;1;0;1;1;1;1;1;1
Ziatora's Proving Ground;4;3;1;0.75;0.25;0.3333333333333333;0.0;1;1;0;0;0;1;1;0;1;1;1;1;1;1
Crystal Vein;3;2;1;0.66667;0.33333;0.75;0.0;1;1;1;1;1;0;1;0;1;1;1;1;1;1
Edge of Autumn;6;4;2;0.66667;0.33333;0.5416666666666666;2.0;1;1;1;1;0;1;1;1;0;1;1;1;1;1
Suspicious Stowaway;9;8;1;0.88889;0.11111;0.5833333333333334;2.0;1;0;1;1;1;1;0;1;1;1;1;1;1;1
Cemetery Gatekeeper;3;3;0;1.0;0.0;0.5;2.0;1;1;1;0;1;1;0;1;1;1;1;1;1;1
Strangle;3;3;0;1.0;0.0;0.5;1.0;1;1;1;0;1;1;1;1;0;1;1;1;1;1
Reckless Impulse;3;3;0;1.0;0.0;0.6111111111111112;2.0;1;1;1;0;1;1;1;1;0;1;1;1;1;1
Exploration;3;1;2;0.33333;0.66667;0.3333333333333333;1.0;1;1;1;1;0;1;1;1;1;1;1;1;0;1
Yorion, Sky Nomad;5;2;3;0.4;0.6;0.5833333333333334;5.0;0;0;1;1;1;1;0;1;1;1;1;1;1;1
Phyrexian Metamorph;10;10;0;1.0;0.0;0.5833333333333334;4.0;1;0;1;1;1;1;0;1;1;1;0;1;1;1
Sphinx of the Steel Wind;6;3;3;0.5;0.5;0.5555555555555556;8.0;0;0;0;1;1;1;0;1;1;1;0;1;1;1
Sorcerous Spyglass;1;1;0;1.0;0.0;0.6666666666666666;2.0;1;1;1;1;1;0;1;1;1;1;0;1;1;1
Runaway Steam-Kin;1;0;1;0.0;1.0;0.0;2.0;1;1;1;0;1;1;0;1;1;1;1;1;1;1
Angrath's Rampage;1;0;1;0.0;1.0;0.0;2.0;1;1;0;0;1;1;1;1;0;1;1;1;1;1
Spectral Procession;1;0;1;0.0;1.0;0.0;6.0;0;1;1;1;1;1;1;1;0;1;1;1;1;1
Glasspool Mimic;5;4;1;0.8;0.2;0.5416666666666666;3.0;1;0;1;1;1;1;0;1;1;1;1;1;1;1
Phyrexian Triniform;3;3;0;1.0;0.0;0.7777777777777778;9.0;1;1;1;1;1;0;0;1;1;1;0;1;1;1
Mystic Sanctuary;2;2;0;1.0;0.0;0.5;0.0;1;0;1;1;1;1;1;0;1;1;1;1;1;1
Great Furnace;3;1;2;0.33333;0.66667;0.6666666666666666;0.0;1;1;1;0;1;1;1;0;1;1;1;1;1;1
Enlightened Tutor;3;1;2;0.33333;0.66667;0.6666666666666666;1.0;0;1;1;1;1;1;1;1;1;0;1;1;1;1
Chromatic Lantern;2;1;1;0.5;0.5;0.6666666666666666;3.0;1;1;1;1;1;0;1;1;1;1;0;1;1;1
Wildfire;3;2;1;0.66667;0.33333;0.8333333333333334;6.0;1;1;1;0;1;1;1;1;0;1;1;1;1;1
Trinket Mage;3;1;2;0.33333;0.66667;0.1666666666666666;3.0;1;0;1;1;1;1;0;1;1;1;1;1;1;1
Soldier of the Pantheon;1;0;1;0.0;1.0;0.0;1.0;0;1;1;1;1;1;0;1;1;1;1;1;1;1
Prime Speaker Vannifar;4;0;4;0.0;1.0;0.0;4.0;1;0;1;1;0;1;0;1;1;1;1;1;1;1
Springbloom Druid;2;2;0;1.0;0.0;0.5833333333333334;3.0;1;1;1;1;0;1;0;1;1;1;1;1;1;1
Timeless Witness;1;1;0;1.0;0.0;0.5;4.0;1;1;1;1;0;1;0;1;1;1;1;1;1;1
Temple of Malice;1;1;0;1.0;0.0;0.5;0.0;1;1;0;0;1;1;1;0;1;1;1;1;1;1
Channel;2;1;1;0.5;0.5;0.5;2.0;1;1;1;1;0;1;1;1;0;1;1;1;1;1
Shallow Grave;2;1;1;0.5;0.5;0.3333333333333333;2.0;1;1;0;1;1;1;1;1;1;0;1;1;1;1
Corpse Dance;2;1;1;0.5;0.5;0.3333333333333333;3.0;1;1;0;1;1;1;1;1;1;0;1;1;1;1
Darksteel Citadel;4;1;3;0.25;0.75;0.5;0.0;1;1;1;1;1;0;1;0;1;1;0;1;1;1
Xathrid Necromancer;3;1;2;0.33333;0.66667;0.6666666666666666;3.0;1;1;0;1;1;1;0;1;1;1;1;1;1;1
Niv-Mizzet Reborn;8;1;7;0.125;0.875;0.3333333333333333;5.0;0;0;0;0;0;1;0;1;1;1;1;1;1;1
Rakdos Cackler;9;5;4;0.55556;0.44444;0.6333333333333333;1.0;1;1;0;0;1;1;0;1;1;1;1;1;1;1
Fateful Absence;6;4;2;0.66667;0.33333;0.4166666666666667;2.0;0;1;1;1;1;1;1;1;1;0;1;1;1;1
Ilharg, the Raze-Boar;1;1;0;1.0;0.0;0.3333333333333333;5.0;1;1;1;0;1;1;0;1;1;1;1;1;1;1
Blazing Rootwalla;3;2;1;0.66667;0.33333;0.6666666666666666;1.0;1;1;1;0;1;1;0;1;1;1;1;1;1;1
Ob Nixilis Reignited;1;0;1;0.0;1.0;0.0;5.0;1;1;0;1;1;1;1;1;1;1;1;0;1;1
Forked Bolt;1;1;0;1.0;0.0;0.3333333333333333;1.0;1;1;1;0;1;1;1;1;0;1;1;1;1;1
Chain Lightning;7;6;1;0.85714;0.14286;0.5277777777777778;1.0;1;1;1;0;1;1;1;1;0;1;1;1;1;1
Eidolon of the Great Revel;10;3;7;0.3;0.7;0.7777777777777778;2.0;1;1;1;0;1;1;0;1;1;1;1;1;0;1
Adanto Vanguard;13;6;7;0.46154;0.53846;0.4722222222222222;2.0;0;1;1;1;1;1;0;1;1;1;1;1;1;1
Feldon of the Third Path;1;0;1;0.0;1.0;0.0;3.0;1;1;1;0;1;1;0;1;1;1;1;1;1;1
Seat of the Synod;2;1;1;0.5;0.5;0.5;0.0;1;0;1;1;1;1;1;0;1;1;1;1;1;1
Baral, Chief of Compliance;3;1;2;0.33333;0.66667;0.6666666666666666;2.0;1;0;1;1;1;1;0;1;1;1;1;1;1;1
Containment Construct;3;1;2;0.33333;0.66667;0.6666666666666666;2.0;1;1;1;1;1;0;0;1;1;1;0;1;1;1
Metallic Mimic;6;3;3;0.5;0.5;0.5555555555555556;2.0;1;1;1;1;1;0;0;1;1;1;0;1;1;1
Ranger-Captain of Eos;4;2;2;0.5;0.5;0.5833333333333334;3.0;0;1;1;1;1;1;0;1;1;1;1;1;1;1
Silent Clearing;3;3;0;1.0;0.0;0.5555555555555556;0.0;0;1;0;1;1;1;1;0;1;1;1;1;1;1
Sunbaked Canyon;3;3;0;1.0;0.0;0.5555555555555556;0.0;0;1;1;0;1;1;1;0;1;1;1;1;1;1
Spara's Headquarters;3;3;0;1.0;0.0;0.3333333333333333;0.0;0;0;1;1;0;1;1;0;1;1;1;1;1;1
Vivien, Monsters' Advocate;2;2;0;1.0;0.0;0.5;5.0;1;1;1;1;0;1;1;1;1;1;1;0;1;1
Viscera Seer;7;0;7;0.0;1.0;0.0;1.0;1;1;0;1;1;1;0;1;1;1;1;1;1;1
Ravages of War;4;3;1;0.75;0.25;0.6111111111111112;4.0;0;1;1;1;1;1;1;1;0;1;1;1;1;1
Firebolt;2;2;0;1.0;0.0;0.5833333333333334;1.0;1;1;1;0;1;1;1;1;0;1;1;1;1;1
Explore;2;1;1;0.5;0.5;1.0;2.0;1;1;1;1;0;1;1;1;0;1;1;1;1;1
Castle Locthwain;1;1;0;1.0;0.0;0.8333333333333334;0.0;1;1;0;1;1;1;1;0;1;1;1;1;1;1
Pack Rat;2;1;1;0.5;0.5;0.3333333333333333;2.0;1;1;0;1;1;1;0;1;1;1;1;1;1;1
Burning of Xinye;2;0;2;0.0;1.0;0.0;6.0;1;1;1;0;1;1;1;1;0;1;1;1;1;1
Bring to Light;2;0;2;0.0;1.0;0.0;5.0;1;0;1;1;0;1;1;1;0;1;1;1;1;1
Master of Death;3;2;1;0.66667;0.33333;0.4166666666666667;3.0;1;0;0;1;1;1;0;1;1;1;1;1;1;1
Kaito Shizuki;4;3;1;0.75;0.25;0.2777777777777778;3.0;1;0;0;1;1;1;1;1;1;1;1;0;1;1
Hopeful Initiate;2;1;1;0.5;0.5;0.6666666666666666;1.0;0;1;1;1;1;1;0;1;1;1;1;1;1;1
Murktide Regent;4;2;2;0.5;0.5;0.5;7.0;1;0;1;1;1;1;0;1;1;1;1;1;1;1
Horizon Canopy;4;2;2;0.5;0.5;1.0;0.0;0;1;1;1;0;1;1;0;1;1;1;1;1;1
Censor;2;2;0;1.0;0.0;0.5833333333333334;2.0;1;0;1;1;1;1;1;1;1;0;1;1;1;1
Dread Fugue;4;2;2;0.5;0.5;0.3333333333333333;1.0;1;1;0;1;1;1;1;1;0;1;1;1;1;1
Ledger Shredder;3;2;1;0.66667;0.33333;0.8333333333333334;2.0;1;0;1;1;1;1;0;1;1;1;1;1;1;1
Xander's Lounge;3;3;0;1.0;0.0;0.6666666666666666;0.0;1;0;0;0;1;1;1;0;1;1;1;1;1;1
Necrogen Spellbomb;1;0;1;0.0;1.0;0.0;1.0;1;1;0;1;1;1;1;1;1;1;0;1;1;1
Thassa's Oracle;2;0;2;0.0;1.0;0.0;2.0;1;0;1;1;1;1;0;1;1;1;1;1;1;1
Lumbering Falls;1;1;0;1.0;0.0;0.6666666666666666;0.0;1;0;1;1;0;1;1;0;1;1;1;1;1;1
Tooth and Nail;1;1;0;1.0;0.0;0.6666666666666666;7.0;1;1;1;1;0;1;1;1;0;1;1;1;1;1
Mizzium Mortars;1;0;1;0.0;1.0;0.0;2.0;1;1;1;0;1;1;1;1;0;1;1;1;1;1
Ancient Grudge;1;0;1;0.0;1.0;0.0;2.0;1;1;1;0;1;1;1;1;1;0;1;1;1;1
Tourach, Dread Cantor;1;0;1;0.0;1.0;0.0;2.0;1;1;0;1;1;1;0;1;1;1;1;1;1;1
Sea Gate Restoration;1;0;1;0.0;1.0;0.0;7.0;1;0;1;1;1;1;1;1;0;1;1;1;1;1
The Meathook Massacre;3;1;2;0.33333;0.66667;0.0;2.0;1;1;0;1;1;1;1;1;1;1;1;1;0;1
Sower of Temptation;1;1;0;1.0;0.0;0.5;4.0;1;0;1;1;1;1;0;1;1;1;1;1;1;1
Containment Priest;3;2;1;0.66667;0.33333;0.4166666666666667;2.0;0;1;1;1;1;1;0;1;1;1;1;1;1;1
Tainted Pact;1;0;1;0.0;1.0;0.0;2.0;1;1;0;1;1;1;1;1;1;0;1;1;1;1
Temple of Enlightenment;1;1;0;1.0;0.0;0.5;0.0;0;0;1;1;1;1;1;0;1;1;1;1;1;1
Cabal Therapy;1;1;0;1.0;0.0;0.5;1.0;1;1;0;1;1;1;1;1;0;1;1;1;1;1
Safehold Elite;2;1;1;0.5;0.5;0.3333333333333333;2.0;0;1;1;1;0;1;0;1;1;1;1;1;1;1
Power Word Kill;2;1;1;0.5;0.5;0.6666666666666666;2.0;1;1;0;1;1;1;1;1;1;0;1;1;1;1
Mental Note;1;0;1;0.0;1.0;0.0;1.0;1;0;1;1;1;1;1;1;1;0;1;1;1;1
Lion Sash;2;2;0;1.0;0.0;0.6666666666666666;2.0;0;1;1;1;1;1;0;1;1;1;0;1;1;1
White Plume Adventurer;2;2;0;1.0;0.0;0.6666666666666666;3.0;0;1;1;1;1;1;0;1;1;1;1;1;1;1
Erinis, Gloom Stalker;1;1;0;1.0;0.0;1.0;3.0;1;1;1;1;0;1;0;1;1;1;1;1;1;1
Lovestruck Beast;2;2;0;1.0;0.0;1.0;3.0;1;1;1;1;0;1;0;1;1;1;1;1;1;1
Ulvenwald Oddity;2;2;0;1.0;0.0;0.6666666666666666;4.0;1;1;1;1;0;1;0;1;1;1;1;1;1;1
Minsc & Boo, Timeless Heroes;2;2;0;1.0;0.0;0.6666666666666666;4.0;1;1;1;0;0;1;1;1;1;1;1;0;1;1
Bounding Krasis;2;0;2;0.0;1.0;0.0;3.0;1;0;1;1;0;1;0;1;1;1;1;1;1;1
Llanowar Visionary;2;2;0;1.0;0.0;0.4166666666666667;3.0;1;1;1;1;0;1;0;1;1;1;1;1;1;1
The Royal Scions;2;2;0;1.0;0.0;0.3333333333333333;3.0;1;0;1;0;1;1;1;1;1;1;1;0;1;1
Gale, Waterdeep Prodigy;2;0;2;0.0;1.0;0.0;3.0;1;0;1;1;1;1;0;1;1;1;1;1;1;1
March of Otherworldly Light;1;1;0;1.0;0.0;0.6666666666666666;1.0;0;1;1;1;1;1;1;1;1;0;1;1;1;1
Sprite Dragon;1;1;0;1.0;0.0;0.0;2.0;1;0;1;0;1;1;0;1;1;1;1;1;1;1
Garruk, Unleashed;1;1;0;1.0;0.0;1.0;4.0;1;1;1;1;0;1;1;1;1;1;1;0;1;1
